Date,Title,Size,Seeder,Leecher,Downloader,Link,Torrent Link,Magnet URL
"Jul 22, 2023",Adobe Photoshop CC 2019 v20.0.0 Multilingual + Crack,25.3 MB,4.6K,3.1K,25,https://bitsearch.to/torrents/adobe-photoshop-cc-2019-v20-0-0-multilingual-crack-28549/64bbaef8838efeb4ac2e6cbd/,https://itorrents.org/torrent/338D93843A1F46EF351902E946E757ABCBD6D171.torrent?title=[Bitsearch.to]Adobe Photoshop CC 2019 v20.0.0 Multilingual + Crack,magnet:?xt=urn:btih:338D93843A1F46EF351902E946E757ABCBD6D171&tr=udp%3A%2F%2Ftracker2.dler.com%3A80%2Fannounce&tr=udp%3A%2F%2Ftracker.torrent.eu.org%3A451%2Fannounce&tr=udp%3A%2F%2Fwww.torrent.eu.org%3A451%2Fannounce&tr=udp%3A%2F%2Ftracker.moeking.me%3A6969%2Fannounce&tr=udp%3A%2F%2Ftracker.opentrackr.org%3A1337%2Fannounce&tr=udp%3A%2F%2Ftracker.bitsearch.to%3A1337%2Fannounce&dn=%5BBitsearch.to%5D+Adobe+Photoshop+CC+2019+v20.0.0+Multilingual+%2B+Crack
"Aug 2, 2023",Adobe Photoshop 2023 v24.0.0.59 (x64) Pre-Cracked,8.1 MB,3.8K,2.5K,15,https://bitsearch.to/torrents/adobe-photoshop-2023-v24-0-0-59-x64-pre-cracked-ebaf0/64ca19452a8b13f8baa0b419/,https://itorrents.org/torrent/01BD7CB0DEDF88EB32C9D8FBE8B365DE6DBA0068.torrent?title=[Bitsearch.to]Adobe Photoshop 2023 v24.0.0.59 (x64) Pre-Cracked,magnet:?xt=urn:btih:01BD7CB0DEDF88EB32C9D8FBE8B365DE6DBA0068&tr=udp%3A%2F%2Ftracker2.dler.com%3A80%2Fannounce&tr=udp%3A%2F%2Fwww.torrent.eu.org%3A451%2Fannounce&tr=udp%3A%2F%2Ftracker.torrent.eu.org%3A451%2Fannounce&tr=udp%3A%2F%2Ftracker.opentrackr.org%3A1337%2Fannounce&tr=udp%3A%2F%2Ftracker.breizh.pm%3A6969%2Fannounce&tr=udp%3A%2F%2Ftracker.bitsearch.to%3A1337%2Fannounce&dn=%5BBitsearch.to%5D+Adobe+Photoshop+2023+v24.0.0.59+(x64)+Pre-Cracked
"Aug 2, 2023",Adobe Photoshop 2024 v28.5.5.72 (x64) + Crack,12.5 MB,3.3K,2.2K,30,https://bitsearch.to/torrents/adobe-photoshop-2024-v28-5-5-72-x64-crack-39e6a/64c9d2b779ea12e5ac5827f4/,https://itorrents.org/torrent/7A88CA29F535B230FA1E14A3459E48D8C3EF6699.torrent?title=[Bitsearch.to]Adobe Photoshop 2024 v28.5.5.72 (x64) + Crack,magnet:?xt=urn:btih:7A88CA29F535B230FA1E14A3459E48D8C3EF6699&tr=udp%3A%2F%2Ftracker2.dler.com%3A80%2Fannounce&tr=udp%3A%2F%2Fwww.torrent.eu.org%3A451%2Fannounce&tr=udp%3A%2F%2Ftracker.opentrackr.org%3A1337%2Fannounce&tr=udp%3A%2F%2Ftracker.breizh.pm%3A6969%2Fannounce&tr=udp%3A%2F%2Fopen.stealth.si%3A80%2Fannounce&tr=udp%3A%2F%2Ftracker.bitsearch.to%3A1337%2Fannounce&dn=%5BBitsearch.to%5D+Adobe+Photoshop+2024+v28.5.5.72+(x64)+%2B+Crack
"Aug 3, 2023",Adobe Photoshop CC 2018 24.1.1.42098 + Crack,21.5 MB,4.6K,3.1K,25,https://bitsearch.to/torrents/adobe-photoshop-cc-2018-24-1-1-42098-crack-d2a1f/64cbd01184f45cb507d61378/,https://itorrents.org/torrent/3206DC4559512A273FF7942EB2610A240E081E6A.torrent?title=[Bitsearch.to]Adobe Photoshop CC 2018 24.1.1.42098 + Crack,magnet:?xt=urn:btih:3206DC4559512A273FF7942EB2610A240E081E6A&tr=udp%3A%2F%2Ftracker2.dler.com%3A80%2Fannounce&tr=udp%3A%2F%2Fwww.torrent.eu.org%3A451%2Fannounce&tr=udp%3A%2F%2Ftracker.torrent.eu.org%3A451%2Fannounce&tr=udp%3A%2F%2Ftracker.opentrackr.org%3A1337%2Fannounce&tr=udp%3A%2F%2Fopen.stealth.si%3A80%2Fannounce&tr=udp%3A%2F%2Ftracker.bitsearch.to%3A1337%2Fannounce&dn=%5BBitsearch.to%5D+Adobe+Photoshop+CC+2018+24.1.1.42098+%2B+Crack
"Aug 3, 2023",Adobe Photoshop 2023 29.7.5.320 (x64) + Crack,27.5 MB,3.8K,2.5K,0,https://bitsearch.to/torrents/adobe-photoshop-2023-29-7-5-320-x64-crack-d4936/64cb29e3c8d4c06b236b198f/,https://itorrents.org/torrent/FB3A1DDDD7640D13B9C39ABC42C23F71744B7FA2.torrent?title=[Bitsearch.to]Adobe Photoshop 2023 29.7.5.320 (x64) + Crack,magnet:?xt=urn:btih:FB3A1DDDD7640D13B9C39ABC42C23F71744B7FA2&tr=udp%3A%2F%2Ftracker2.dler.com%3A80%2Fannounce&tr=udp%3A%2F%2Ftracker.torrent.eu.org%3A451%2Fannounce&tr=udp%3A%2F%2Fwww.torrent.eu.org%3A451%2Fannounce&tr=udp%3A%2F%2Ftracker.opentrackr.org%3A1337%2Fannounce&tr=udp%3A%2F%2Fpow7.com%3A80%2Fannounce&tr=udp%3A%2F%2Ftracker.bitsearch.to%3A1337%2Fannounce&dn=%5BBitsearch.to%5D+Adobe+Photoshop+2023+29.7.5.320+(x64)+%2B+Crack
"Aug 3, 2023",Adobe Photoshop CC 2023 v24.5.5 Multilingual + Crack,8.16 MB,4K,2.7K,15,https://bitsearch.to/torrents/adobe-photoshop-cc-2023-v24-5-5-multilingual-crack-8e0aa/64cba988141b5fa2f755bb98/,https://itorrents.org/torrent/D3D1ED13A6E373B6198860761196BF58E7653480.torrent?title=[Bitsearch.to]Adobe Photoshop CC 2023 v24.5.5 Multilingual + Crack,magnet:?xt=urn:btih:D3D1ED13A6E373B6198860761196BF58E7653480&tr=udp%3A%2F%2Ftracker2.dler.com%3A80%2Fannounce&tr=udp%3A%2F%2Ftracker.torrent.eu.org%3A451%2Fannounce&tr=udp%3A%2F%2Fwww.torrent.eu.org%3A451%2Fannounce&tr=udp%3A%2F%2Ftracker.moeking.me%3A6969%2Fannounce&tr=udp%3A%2F%2Ftracker.opentrackr.org%3A1337%2Fannounce&tr=udp%3A%2F%2Ftracker.bitsearch.to%3A1337%2Fannounce&dn=%5BBitsearch.to%5D+Adobe+Photoshop+CC+2023+v24.5.5+Multilingual+%2B+Crack
"Aug 4, 2023",Adobe Photoshop Lightroom Classic CC 2018 8.2.0 -,7.74 MB,3.4K,2.3K,25,https://bitsearch.to/torrents/adobe-photoshop-lightroom-classic-cc-2018-8-2-0-8c5f0/64cc78840eccfb84b3c91114/,https://itorrents.org/torrent/E115348992C7F0C3984567A33AD8221ECD51A83E.torrent?title=[Bitsearch.to]Adobe Photoshop Lightroom Classic CC 2018 8.2.0 -,magnet:?xt=urn:btih:E115348992C7F0C3984567A33AD8221ECD51A83E&tr=udp%3A%2F%2Ftracker2.dler.com%3A80%2Fannounce&tr=udp%3A%2F%2Fwww.torrent.eu.org%3A451%2Fannounce&tr=udp%3A%2F%2Ftracker.torrent.eu.org%3A451%2Fannounce&tr=udp%3A%2F%2Ftracker.opentrackr.org%3A1337%2Fannounce&tr=udp%3A%2F%2Fpow7.com%3A80%2Fannounce&tr=udp%3A%2F%2Ftracker.bitsearch.to%3A1337%2Fannounce&dn=%5BBitsearch.to%5D+Adobe+Photoshop+Lightroom+Classic+CC+2018+8.2.0+-
"Aug 4, 2023",Adobe Photoshop CC 2017 (20150529.r.88) (32+64Bit) + Crack,13.2 MB,3.3K,2.2K,25,https://bitsearch.to/torrents/adobe-photoshop-cc-2017-20150529-r-88-32-64bit-cra-1208e/64cc78c30eccfb84b3c915f3/,https://itorrents.org/torrent/E6B5C0A718E39B0CC44604A627837072BE5EF182.torrent?title=[Bitsearch.to]Adobe Photoshop CC 2017 (20150529.r.88) (32+64Bit) + Crack,magnet:?xt=urn:btih:E6B5C0A718E39B0CC44604A627837072BE5EF182&tr=udp%3A%2F%2Ftracker2.dler.com%3A80%2Fannounce&tr=udp%3A%2F%2Fwww.torrent.eu.org%3A451%2Fannounce&tr=udp%3A%2F%2Ftracker.torrent.eu.org%3A451%2Fannounce&tr=udp%3A%2F%2Ftracker.breizh.pm%3A6969%2Fannounce&tr=udp%3A%2F%2Ftracker.opentrackr.org%3A1337%2Fannounce&tr=udp%3A%2F%2Ftracker.bitsearch.to%3A1337%2Fannounce&dn=%5BBitsearch.to%5D+Adobe+Photoshop+CC+2017+(20150529.r.88)+(32%2B64Bit)+%2B+Crack
"Aug 4, 2023",Adobe Photoshop CS7 14.0.2 Final Multilanguage,12.4 MB,3.4K,2.3K,25,https://bitsearch.to/torrents/adobe-photoshop-cs7-14-0-2-final-multilanguage-51aee/64cc78a70eccfb84b3c9129c/,https://itorrents.org/torrent/BF70F9425B2EBB987568E9EF9737F908FDA1637C.torrent?title=[Bitsearch.to]Adobe Photoshop CS7 14.0.2 Final Multilanguage,magnet:?xt=urn:btih:BF70F9425B2EBB987568E9EF9737F908FDA1637C&tr=udp%3A%2F%2Ftracker2.dler.com%3A80%2Fannounce&tr=udp%3A%2F%2Fwww.torrent.eu.org%3A451%2Fannounce&tr=udp%3A%2F%2Ftracker.torrent.eu.org%3A451%2Fannounce&tr=udp%3A%2F%2Ftracker.moeking.me%3A6969%2Fannounce&tr=udp%3A%2F%2Ftracker.opentrackr.org%3A1337%2Fannounce&tr=udp%3A%2F%2Ftracker.bitsearch.to%3A1337%2Fannounce&dn=%5BBitsearch.to%5D+Adobe+Photoshop+CS7+14.0.2+Final+Multilanguage
"Aug 4, 2023",Adobe Photoshop Lightroom Classic CC 2018 v12.0.1.15,14.5 MB,3.6K,2.4K,25,https://bitsearch.to/torrents/adobe-photoshop-lightroom-classic-cc-2018-v12-0-1--fb1f9/64cc848e0eccfb84b3c93d1d/,https://itorrents.org/torrent/798649219032766F1BF24A029180D0B04BD32415.torrent?title=[Bitsearch.to]Adobe Photoshop Lightroom Classic CC 2018 v12.0.1.15,magnet:?xt=urn:btih:798649219032766F1BF24A029180D0B04BD32415&tr=udp%3A%2F%2Ftracker2.dler.com%3A80%2Fannounce&tr=udp%3A%2F%2Fwww.torrent.eu.org%3A451%2Fannounce&tr=udp%3A%2F%2Ftracker.torrent.eu.org%3A451%2Fannounce&tr=udp%3A%2F%2Ftracker.opentrackr.org%3A1337%2Fannounce&tr=udp%3A%2F%2Fpow7.com%3A80%2Fannounce&tr=udp%3A%2F%2Ftracker.bitsearch.to%3A1337%2Fannounce&dn=%5BBitsearch.to%5D+Adobe+Photoshop+Lightroom+Classic+CC+2018+v12.0.1.15
"Aug 4, 2023",Adobe Photoshop CC 2018 v26.1.3 (x86x64) Incl Crack,20.9 MB,3.8K,2.5K,25,https://bitsearch.to/torrents/adobe-photoshop-cc-2018-v26-1-3-x86x64-incl-crack-adf6d/64cc84b00eccfb84b3c93d86/,https://itorrents.org/torrent/5EEF63B8E9F6D57FD81F0451F1B260D1331F7E58.torrent?title=[Bitsearch.to]Adobe Photoshop CC 2018 v26.1.3 (x86x64) Incl Crack,magnet:?xt=urn:btih:5EEF63B8E9F6D57FD81F0451F1B260D1331F7E58&tr=udp%3A%2F%2Ftracker2.dler.com%3A80%2Fannounce&tr=udp%3A%2F%2Fwww.torrent.eu.org%3A451%2Fannounce&tr=udp%3A%2F%2Ftracker.opentrackr.org%3A1337%2Fannounce&tr=udp%3A%2F%2Ftracker.breizh.pm%3A6969%2Fannounce&tr=udp%3A%2F%2Ftracker.moeking.me%3A6969%2Fannounce&tr=udp%3A%2F%2Ftracker.bitsearch.to%3A1337%2Fannounce&dn=%5BBitsearch.to%5D+Adobe+Photoshop+CC+2018+v26.1.3+(x86x64)+Incl+Crack
"Aug 4, 2023",Adobe Photoshop CC 2018(2017.r.88) (64+86Bit) + Crack,11.2 MB,4K,2.7K,15,https://bitsearch.to/torrents/adobe-photoshop-cc-2018-2017-r-88-64-86bit-crack-6ecd0/64cd3c76591426d96902c680/,https://itorrents.org/torrent/5BC366FA67EADFD4C41CA17E1B81243CA436CF17.torrent?title=[Bitsearch.to]Adobe Photoshop CC 2018(2017.r.88) (64+86Bit) + Crack,magnet:?xt=urn:btih:5BC366FA67EADFD4C41CA17E1B81243CA436CF17&tr=udp%3A%2F%2Ftracker2.dler.com%3A80%2Fannounce&tr=udp%3A%2F%2Fwww.torrent.eu.org%3A451%2Fannounce&tr=udp%3A%2F%2Ftracker.torrent.eu.org%3A451%2Fannounce&tr=udp%3A%2F%2Ftracker.opentrackr.org%3A1337%2Fannounce&tr=udp%3A%2F%2Fopen.stealth.si%3A80%2Fannounce&tr=udp%3A%2F%2Ftracker.bitsearch.to%3A1337%2Fannounce&dn=%5BBitsearch.to%5D+Adobe+Photoshop+CC+2018(2017.r.88)+(64%2B86Bit)+%2B+Crack
"Jul 22, 2023",Adobe Photoshop Lightroom CC 12.8.3 + Crack,22.1 MB,4.5K,3K,25,https://bitsearch.to/torrents/adobe-photoshop-lightroom-cc-12-8-3-crack-fca30/64bc0064e5c50fcdf096c094/,https://itorrents.org/torrent/DF61F5DF994FF026890730F4E179A632B1836C7B.torrent?title=[Bitsearch.to]Adobe Photoshop Lightroom CC 12.8.3 + Crack,magnet:?xt=urn:btih:DF61F5DF994FF026890730F4E179A632B1836C7B&tr=udp%3A%2F%2Ftracker2.dler.com%3A80%2Fannounce&tr=udp%3A%2F%2Ftracker.breizh.pm%3A6969%2Fannounce&tr=udp%3A%2F%2Fwww.torrent.eu.org%3A451%2Fannounce&tr=udp%3A%2F%2Ftracker.opentrackr.org%3A1337%2Fannounce&tr=udp%3A%2F%2Fpow7.com%3A80%2Fannounce&tr=udp%3A%2F%2Ftracker.bitsearch.to%3A1337%2Fannounce&dn=%5BBitsearch.to%5D+Adobe+Photoshop+Lightroom+CC+12.8.3+%2B+Crack
"Jul 24, 2023",Adobe Photoshop CC 2023 v24.5.5 Multilingual + Crack,8.16 MB,3.7K,2.4K,25,https://bitsearch.to/torrents/adobe-photoshop-cc-2023-v24-5-5-multilingual-crack-6aba4/64be1241ce4198b02d6692bc/,https://itorrents.org/torrent/7BF727269AF8F117E43FE5DC3BB57AC7DD8550B5.torrent?title=[Bitsearch.to]Adobe Photoshop CC 2023 v24.5.5 Multilingual + Crack,magnet:?xt=urn:btih:7BF727269AF8F117E43FE5DC3BB57AC7DD8550B5&tr=udp%3A%2F%2Ftracker2.dler.com%3A80%2Fannounce&tr=udp%3A%2F%2Fwww.torrent.eu.org%3A451%2Fannounce&tr=udp%3A%2F%2Ftracker.breizh.pm%3A6969%2Fannounce&tr=udp%3A%2F%2Ftracker.torrent.eu.org%3A451%2Fannounce&tr=udp%3A%2F%2Ftracker.opentrackr.org%3A1337%2Fannounce&tr=udp%3A%2F%2Ftracker.bitsearch.to%3A1337%2Fannounce&dn=%5BBitsearch.to%5D+Adobe+Photoshop+CC+2023+v24.5.5+Multilingual+%2B+Crack
"Jul 25, 2023",Adobe Photoshop 2024 v28.5.5.72 (x64) + Crack,12.5 MB,2.2K,1.5K,21,https://bitsearch.to/torrents/adobe-photoshop-2024-v28-5-5-72-x64-crack-f4b44/64bf2b11177db118ed73d29b/,https://itorrents.org/torrent/8722DA1AA47E070A728778D364DEB29E47500AA6.torrent?title=[Bitsearch.to]Adobe Photoshop 2024 v28.5.5.72 (x64) + Crack,magnet:?xt=urn:btih:8722DA1AA47E070A728778D364DEB29E47500AA6&tr=udp%3A%2F%2Ftracker2.dler.com%3A80%2Fannounce&tr=udp%3A%2F%2Ftracker.torrent.eu.org%3A451%2Fannounce&tr=udp%3A%2F%2Fwww.torrent.eu.org%3A451%2Fannounce&tr=udp%3A%2F%2Ftracker.opentrackr.org%3A1337%2Fannounce&tr=udp%3A%2F%2Fopen.stealth.si%3A80%2Fannounce&tr=udp%3A%2F%2Ftracker.bitsearch.to%3A1337%2Fannounce&dn=%5BBitsearch.to%5D+Adobe+Photoshop+2024+v28.5.5.72+(x64)+%2B+Crack
"Jul 23, 2023",Adobe Photoshop Lightroom CC 12.8.3 + Crack,22.1 MB,3.9K,2.6K,25,https://bitsearch.to/torrents/adobe-photoshop-lightroom-cc-12-8-3-crack-99528/64bcd59650cad73226bb449a/,https://itorrents.org/torrent/3CCAB8D3C5BA4DAC6C19B2001F935CDF0A74C210.torrent?title=[Bitsearch.to]Adobe Photoshop Lightroom CC 12.8.3 + Crack,magnet:?xt=urn:btih:3CCAB8D3C5BA4DAC6C19B2001F935CDF0A74C210&tr=udp%3A%2F%2Ftracker2.dler.com%3A80%2Fannounce&tr=udp%3A%2F%2Ftracker.torrent.eu.org%3A451%2Fannounce&tr=udp%3A%2F%2Fwww.torrent.eu.org%3A451%2Fannounce&tr=udp%3A%2F%2Ftracker.breizh.pm%3A6969%2Fannounce&tr=udp%3A%2F%2Ftracker.opentrackr.org%3A1337%2Fannounce&tr=udp%3A%2F%2Ftracker.bitsearch.to%3A1337%2Fannounce&dn=%5BBitsearch.to%5D+Adobe+Photoshop+Lightroom+CC+12.8.3+%2B+Crack
"Jul 23, 2023",Adobe Photoshop CC 2023 v24.5.5 Multilingual + Crack,8.16 MB,4.3K,2.8K,25,https://bitsearch.to/torrents/adobe-photoshop-cc-2023-v24-5-5-multilingual-crack-c90b4/64bd071f1853323f57fddb8b/,https://itorrents.org/torrent/DB850A7245A3FBCFE7BB53A4B2B834035100858B.torrent?title=[Bitsearch.to]Adobe Photoshop CC 2023 v24.5.5 Multilingual + Crack,magnet:?xt=urn:btih:DB850A7245A3FBCFE7BB53A4B2B834035100858B&tr=udp%3A%2F%2Ftracker2.dler.com%3A80%2Fannounce&tr=udp%3A%2F%2Ftracker.breizh.pm%3A6969%2Fannounce&tr=udp%3A%2F%2Fwww.torrent.eu.org%3A451%2Fannounce&tr=udp%3A%2F%2Ftracker.torrent.eu.org%3A451%2Fannounce&tr=udp%3A%2F%2Ftracker.opentrackr.org%3A1337%2Fannounce&tr=udp%3A%2F%2Ftracker.bitsearch.to%3A1337%2Fannounce&dn=%5BBitsearch.to%5D+Adobe+Photoshop+CC+2023+v24.5.5+Multilingual+%2B+Crack
"Jul 23, 2023",Adobe Photoshop 2023 29.7.5.320 (x64) + Crack,27.5 MB,3.7K,2.5K,30,https://bitsearch.to/torrents/adobe-photoshop-2023-29-7-5-320-x64-crack-99cd8/64bd77f99cf3836d86a1ce3f/,https://itorrents.org/torrent/0739A280F29B71AF9EB6148DA4E65B343FC8FCA0.torrent?title=[Bitsearch.to]Adobe Photoshop 2023 29.7.5.320 (x64) + Crack,magnet:?xt=urn:btih:0739A280F29B71AF9EB6148DA4E65B343FC8FCA0&tr=udp%3A%2F%2Ftracker2.dler.com%3A80%2Fannounce&tr=udp%3A%2F%2Ftracker.breizh.pm%3A6969%2Fannounce&tr=udp%3A%2F%2Ftracker.torrent.eu.org%3A451%2Fannounce&tr=udp%3A%2F%2Fwww.torrent.eu.org%3A451%2Fannounce&tr=udp%3A%2F%2Ftracker.opentrackr.org%3A1337%2Fannounce&tr=udp%3A%2F%2Ftracker.bitsearch.to%3A1337%2Fannounce&dn=%5BBitsearch.to%5D+Adobe+Photoshop+2023+29.7.5.320+(x64)+%2B+Crack
"Jul 23, 2023",Adobe Photoshop CC 2018 21.3.7.61163 (x64) Portable Cracked,18.3 MB,2.9K,2K,21,https://bitsearch.to/torrents/adobe-photoshop-cc-2018-21-3-7-61163-x64-portable--8c04f/64bdb62c76e247886c074552/,https://itorrents.org/torrent/FA1F8CFB859F307E9673A9F55727CF8EA0ADA317.torrent?title=[Bitsearch.to]Adobe Photoshop CC 2018 21.3.7.61163 (x64) Portable Cracked,magnet:?xt=urn:btih:FA1F8CFB859F307E9673A9F55727CF8EA0ADA317&tr=udp%3A%2F%2Ftracker2.dler.com%3A80%2Fannounce&tr=udp%3A%2F%2Ftracker.breizh.pm%3A6969%2Fannounce&tr=udp%3A%2F%2Ftracker.zerobytes.xyz%3A1337%2Fannounce&tr=udp%3A%2F%2Ftracker.opentrackr.org%3A1337%2Fannounce&tr=udp%3A%2F%2Fwww.torrent.eu.org%3A451%2Fannounce&tr=udp%3A%2F%2Ftracker.bitsearch.to%3A1337%2Fannounce&dn=%5BBitsearch.to%5D+Adobe+Photoshop+CC+2018+21.3.7.61163+(x64)+Portable+Cracked
"Jul 23, 2023",Adobe Photoshop CS6 17.6.4 Final (English Japanese),32.5 MB,3.1K,2.1K,30,https://bitsearch.to/torrents/adobe-photoshop-cs6-17-6-4-final-english-japanese-3bde6/64bd33aacbf0e357a152c256/,https://itorrents.org/torrent/C546E240FD270856DDCC7519ED6E0C54E957D0D5.torrent?title=[Bitsearch.to]Adobe Photoshop CS6 17.6.4 Final (English Japanese),magnet:?xt=urn:btih:C546E240FD270856DDCC7519ED6E0C54E957D0D5&tr=udp%3A%2F%2Ftracker2.dler.com%3A80%2Fannounce&tr=udp%3A%2F%2Ftracker.breizh.pm%3A6969%2Fannounce&tr=udp%3A%2F%2Fopen.stealth.si%3A80%2Fannounce&tr=udp%3A%2F%2Ftracker.opentrackr.org%3A1337%2Fannounce&tr=udp%3A%2F%2Fp4p.arenabg.com%3A1337%2Fannounce&tr=udp%3A%2F%2Ftracker.bitsearch.to%3A1337%2Fannounce&dn=%5BBitsearch.to%5D+Adobe+Photoshop+CS6+17.6.4+Final+(English+Japanese)
"Jul 23, 2023",Adobe Photoshop 2023 v24.0.0.59 (x64) Pre-Cracked,8.1 MB,3.7K,2.4K,25,https://bitsearch.to/torrents/adobe-photoshop-2023-v24-0-0-59-x64-pre-cracked-a2acc/64bd79bf33dcda74ed5630da/,https://itorrents.org/torrent/B41910497E12968084A7327D9A1FE43730EA20BD.torrent?title=[Bitsearch.to]Adobe Photoshop 2023 v24.0.0.59 (x64) Pre-Cracked,magnet:?xt=urn:btih:B41910497E12968084A7327D9A1FE43730EA20BD&tr=udp%3A%2F%2Ftracker2.dler.com%3A80%2Fannounce&tr=udp%3A%2F%2Ftracker.breizh.pm%3A6969%2Fannounce&tr=udp%3A%2F%2Ftracker.torrent.eu.org%3A451%2Fannounce&tr=udp%3A%2F%2Fwww.torrent.eu.org%3A451%2Fannounce&tr=udp%3A%2F%2Ftracker.opentrackr.org%3A1337%2Fannounce&tr=udp%3A%2F%2Ftracker.bitsearch.to%3A1337%2Fannounce&dn=%5BBitsearch.to%5D+Adobe+Photoshop+2023+v24.0.0.59+(x64)+Pre-Cracked
"Jul 23, 2023",Adobe Photoshop Lightroom 5.6 Final (64 bit),20.3 MB,2.2K,1.5K,0,https://bitsearch.to/torrents/adobe-photoshop-lightroom-5-6-final-64-bit-79a8b/64bd9444edd9f07b2ba66cec/,https://itorrents.org/torrent/B03A890FCC6B2322588C1425CE5B0B2DA0EE560F.torrent?title=[Bitsearch.to]Adobe Photoshop Lightroom 5.6 Final (64 bit),magnet:?xt=urn:btih:B03A890FCC6B2322588C1425CE5B0B2DA0EE560F&tr=udp%3A%2F%2Ftracker2.dler.com%3A80%2Fannounce&tr=udp%3A%2F%2Ftracker.torrent.eu.org%3A451%2Fannounce&tr=udp%3A%2F%2Fwww.torrent.eu.org%3A451%2Fannounce&tr=udp%3A%2F%2Ftracker.breizh.pm%3A6969%2Fannounce&tr=udp%3A%2F%2Ftracker.opentrackr.org%3A1337%2Fannounce&tr=udp%3A%2F%2Ftracker.bitsearch.to%3A1337%2Fannounce&dn=%5BBitsearch.to%5D+Adobe+Photoshop+Lightroom+5.6+Final+(64+bit)
"Jul 25, 2023",Adobe Photoshop 2024 v28.5.5.72 (x64) + Crack,12.5 MB,4.1K,2.7K,25,https://bitsearch.to/torrents/adobe-photoshop-2024-v28-5-5-72-x64-crack-8ad79/64bf66c17f4fdf33b508fbff/,https://itorrents.org/torrent/3646C658C409BC5FB4CDB5376CD838230C46705A.torrent?title=[Bitsearch.to]Adobe Photoshop 2024 v28.5.5.72 (x64) + Crack,magnet:?xt=urn:btih:3646C658C409BC5FB4CDB5376CD838230C46705A&tr=udp%3A%2F%2Ftracker2.dler.com%3A80%2Fannounce&tr=udp%3A%2F%2Ftracker.breizh.pm%3A6969%2Fannounce&tr=udp%3A%2F%2Ftracker.opentrackr.org%3A1337%2Fannounce&tr=udp%3A%2F%2Fopen.stealth.si%3A80%2Fannounce&tr=udp%3A%2F%2Fpow7.com%3A80%2Fannounce&tr=udp%3A%2F%2Ftracker.bitsearch.to%3A1337%2Fannounce&dn=%5BBitsearch.to%5D+Adobe+Photoshop+2024+v28.5.5.72+(x64)+%2B+Crack
"Jul 22, 2023",Adobe Photoshop CC 2019 (20150529.r.99) (32+64Bit) + Crack,16.9 MB,4.3K,2.9K,25,https://bitsearch.to/torrents/adobe-photoshop-cc-2019-20150529-r-99-32-64bit-cra-1c28f/64bb84acd8c46c9feae19f81/,https://itorrents.org/torrent/9964394F4317569DB09571B1C2E88895342EF745.torrent?title=[Bitsearch.to]Adobe Photoshop CC 2019 (20150529.r.99) (32+64Bit) + Crack,magnet:?xt=urn:btih:9964394F4317569DB09571B1C2E88895342EF745&tr=udp%3A%2F%2Ftracker2.dler.com%3A80%2Fannounce&tr=udp%3A%2F%2Fwww.torrent.eu.org%3A451%2Fannounce&tr=udp%3A%2F%2Ftracker.breizh.pm%3A6969%2Fannounce&tr=udp%3A%2F%2Ftracker.torrent.eu.org%3A451%2Fannounce&tr=udp%3A%2F%2Ftracker.opentrackr.org%3A1337%2Fannounce&tr=udp%3A%2F%2Ftracker.bitsearch.to%3A1337%2Fannounce&dn=%5BBitsearch.to%5D+Adobe+Photoshop+CC+2019+(20150529.r.99)+(32%2B64Bit)+%2B+Crack
"Jul 27, 2023",Adobe Photoshop CC 2023 v27.5.5 Multilingual + Crack,15.7 MB,5.2K,3.5K,20,https://bitsearch.to/torrents/adobe-photoshop-cc-2023-v27-5-5-multilingual-crack-90425/64c275fbc3fc2afeb65905e3/,https://itorrents.org/torrent/459A83009234B2EA41D319B8B8ACC3832C1ACB9E.torrent?title=[Bitsearch.to]Adobe Photoshop CC 2023 v27.5.5 Multilingual + Crack,magnet:?xt=urn:btih:459A83009234B2EA41D319B8B8ACC3832C1ACB9E&tr=udp%3A%2F%2Ftracker2.dler.com%3A80%2Fannounce&tr=udp%3A%2F%2Ftracker.torrent.eu.org%3A451%2Fannounce&tr=udp%3A%2F%2Ftracker.opentrackr.org%3A1337%2Fannounce&tr=udp%3A%2F%2Fopen.stealth.si%3A80%2Fannounce&tr=udp%3A%2F%2Fp4p.arenabg.com%3A1337%2Fannounce&tr=udp%3A%2F%2Ftracker.bitsearch.to%3A1337%2Fannounce&dn=%5BBitsearch.to%5D+Adobe+Photoshop+CC+2023+v27.5.5+Multilingual+%2B+Crack
"Jul 27, 2023",Adobe Photoshop 2024 v28.5.5.72 (x64) + Crack,12.5 MB,3.5K,2.3K,25,https://bitsearch.to/torrents/adobe-photoshop-2024-v28-5-5-72-x64-crack-ed55f/64c2d4271a2a632446e8a232/,https://itorrents.org/torrent/2085BCE4E96CBE7B2E11CB541B4B1D244069FC6E.torrent?title=[Bitsearch.to]Adobe Photoshop 2024 v28.5.5.72 (x64) + Crack,magnet:?xt=urn:btih:2085BCE4E96CBE7B2E11CB541B4B1D244069FC6E&tr=udp%3A%2F%2Ftracker2.dler.com%3A80%2Fannounce&tr=udp%3A%2F%2Ftracker.breizh.pm%3A6969%2Fannounce&tr=udp%3A%2F%2Ftracker.torrent.eu.org%3A451%2Fannounce&tr=udp%3A%2F%2Fwww.torrent.eu.org%3A451%2Fannounce&tr=udp%3A%2F%2Ftracker.opentrackr.org%3A1337%2Fannounce&tr=udp%3A%2F%2Ftracker.bitsearch.to%3A1337%2Fannounce&dn=%5BBitsearch.to%5D+Adobe+Photoshop+2024+v28.5.5.72+(x64)+%2B+Crack
"Jul 27, 2023",Adobe Photoshop 2023 29.7.5.320 (x64) + Crack,27.5 MB,4.6K,3K,20,https://bitsearch.to/torrents/adobe-photoshop-2023-29-7-5-320-x64-crack-8f760/64c20e54b84267b15dc990a0/,https://itorrents.org/torrent/BEF59CB6A419EA84A5D75036C15AABDAA94FE742.torrent?title=[Bitsearch.to]Adobe Photoshop 2023 29.7.5.320 (x64) + Crack,magnet:?xt=urn:btih:BEF59CB6A419EA84A5D75036C15AABDAA94FE742&tr=udp%3A%2F%2Ftracker2.dler.com%3A80%2Fannounce&tr=udp%3A%2F%2Ftracker.torrent.eu.org%3A451%2Fannounce&tr=udp%3A%2F%2Ftracker.opentrackr.org%3A1337%2Fannounce&tr=udp%3A%2F%2Fwww.torrent.eu.org%3A451%2Fannounce&tr=udp%3A%2F%2Fopen.stealth.si%3A80%2Fannounce&tr=udp%3A%2F%2Ftracker.bitsearch.to%3A1337%2Fannounce&dn=%5BBitsearch.to%5D+Adobe+Photoshop+2023+29.7.5.320+(x64)+%2B+Crack
"Jul 27, 2023",Adobe Photoshop 2023 29.7.5.320 (x64) + Crack,27.5 MB,5.4K,3.6K,25,https://bitsearch.to/torrents/adobe-photoshop-2023-29-7-5-320-x64-crack-15d3d/64c24c965dc67ceccd7e973b/,https://itorrents.org/torrent/A91B52BF98C9750F4F2253595BD93777F9190E22.torrent?title=[Bitsearch.to]Adobe Photoshop 2023 29.7.5.320 (x64) + Crack,magnet:?xt=urn:btih:A91B52BF98C9750F4F2253595BD93777F9190E22&tr=udp%3A%2F%2Ftracker2.dler.com%3A80%2Fannounce&tr=udp%3A%2F%2Ftracker.torrent.eu.org%3A451%2Fannounce&tr=udp%3A%2F%2Fwww.torrent.eu.org%3A451%2Fannounce&tr=udp%3A%2F%2Ftracker.moeking.me%3A6969%2Fannounce&tr=udp%3A%2F%2Ftracker.opentrackr.org%3A1337%2Fannounce&tr=udp%3A%2F%2Ftracker.bitsearch.to%3A1337%2Fannounce&dn=%5BBitsearch.to%5D+Adobe+Photoshop+2023+29.7.5.320+(x64)+%2B+Crack
"Jul 26, 2023",Adobe Photoshop 2024 v28.5.5.72 (x64) + Crack,12.5 MB,3.3K,2.2K,16,https://bitsearch.to/torrents/adobe-photoshop-2024-v28-5-5-72-x64-crack-cc770/64c1520ba8e9f36648d508e5/,https://itorrents.org/torrent/949109BC36F78061FB902EAC48729F4CF451B390.torrent?title=[Bitsearch.to]Adobe Photoshop 2024 v28.5.5.72 (x64) + Crack,magnet:?xt=urn:btih:949109BC36F78061FB902EAC48729F4CF451B390&tr=udp%3A%2F%2Ftracker2.dler.com%3A80%2Fannounce&tr=udp%3A%2F%2Ftracker.moeking.me%3A6969%2Fannounce&tr=udp%3A%2F%2Fwww.torrent.eu.org%3A451%2Fannounce&tr=udp%3A%2F%2Ftracker.opentrackr.org%3A1337%2Fannounce&tr=udp%3A%2F%2Fopen.stealth.si%3A80%2Fannounce&tr=udp%3A%2F%2Ftracker.bitsearch.to%3A1337%2Fannounce&dn=%5BBitsearch.to%5D+Adobe+Photoshop+2024+v28.5.5.72+(x64)+%2B+Crack
"Jul 26, 2023",Adobe Photoshop CC 2023 v24.5.5 Multilingual + Crack,8.16 MB,2.7K,1.8K,20,https://bitsearch.to/torrents/adobe-photoshop-cc-2023-v24-5-5-multilingual-crack-a8112/64c19f1f20c321862b42444e/,https://itorrents.org/torrent/2D3FC091209A70F01E726E599173AE627268C5A3.torrent?title=[Bitsearch.to]Adobe Photoshop CC 2023 v24.5.5 Multilingual + Crack,magnet:?xt=urn:btih:2D3FC091209A70F01E726E599173AE627268C5A3&tr=udp%3A%2F%2Ftracker2.dler.com%3A80%2Fannounce&tr=udp%3A%2F%2Ftracker.breizh.pm%3A6969%2Fannounce&tr=udp%3A%2F%2Ftracker.torrent.eu.org%3A451%2Fannounce&tr=udp%3A%2F%2Fwww.torrent.eu.org%3A451%2Fannounce&tr=udp%3A%2F%2Ftracker.opentrackr.org%3A1337%2Fannounce&tr=udp%3A%2F%2Ftracker.bitsearch.to%3A1337%2Fannounce&dn=%5BBitsearch.to%5D+Adobe+Photoshop+CC+2023+v24.5.5+Multilingual+%2B+Crack
"Jul 26, 2023",Adobe Photoshop 2024 v28.5.5.72 (x64) + Crack,12.5 MB,2.7K,1.8K,80,https://bitsearch.to/torrents/adobe-photoshop-2024-v28-5-5-72-x64-crack-2e249/64c17deca3f8fa7b5b2afa9e/,https://itorrents.org/torrent/45E240FB855FB29273F1D93D455D20BA802337A1.torrent?title=[Bitsearch.to]Adobe Photoshop 2024 v28.5.5.72 (x64) + Crack,magnet:?xt=urn:btih:45E240FB855FB29273F1D93D455D20BA802337A1&tr=udp%3A%2F%2Ftracker2.dler.com%3A80%2Fannounce&tr=udp%3A%2F%2Ftracker.torrent.eu.org%3A451%2Fannounce&tr=udp%3A%2F%2Fwww.torrent.eu.org%3A451%2Fannounce&tr=udp%3A%2F%2Ftracker.opentrackr.org%3A1337%2Fannounce&tr=udp%3A%2F%2Fpow7.com%3A80%2Fannounce&tr=udp%3A%2F%2Ftracker.bitsearch.to%3A1337%2Fannounce&dn=%5BBitsearch.to%5D+Adobe+Photoshop+2024+v28.5.5.72+(x64)+%2B+Crack
"Jul 26, 2023",Adobe Photoshop CC 2023 v27.5.5 Multilingual + Crack,15.7 MB,3.7K,2.5K,20,https://bitsearch.to/torrents/adobe-photoshop-cc-2023-v27-5-5-multilingual-crack-8e341/64c0a485b3a558e3364b7989/,https://itorrents.org/torrent/3D2779042E052C8D4E55E55670BBB5B6B5A96779.torrent?title=[Bitsearch.to]Adobe Photoshop CC 2023 v27.5.5 Multilingual + Crack,magnet:?xt=urn:btih:3D2779042E052C8D4E55E55670BBB5B6B5A96779&tr=udp%3A%2F%2Ftracker2.dler.com%3A80%2Fannounce&tr=udp%3A%2F%2Ftracker.breizh.pm%3A6969%2Fannounce&tr=udp%3A%2F%2Ftracker.torrent.eu.org%3A451%2Fannounce&tr=udp%3A%2F%2Fwww.torrent.eu.org%3A451%2Fannounce&tr=udp%3A%2F%2Ftracker.opentrackr.org%3A1337%2Fannounce&tr=udp%3A%2F%2Ftracker.bitsearch.to%3A1337%2Fannounce&dn=%5BBitsearch.to%5D+Adobe+Photoshop+CC+2023+v27.5.5+Multilingual+%2B+Crack
"Jul 29, 2023",Adobe Photoshop Elements 2018 v26 9,17.2 MB,2.2K,1.5K,20,https://bitsearch.to/torrents/adobe-photoshop-elements-2018-v26-9-f148b/64c4698355da4fcfdc798567/,https://itorrents.org/torrent/7A3BF569A63C4436F32D59C38DD49F8D65D1109E.torrent?title=[Bitsearch.to]Adobe Photoshop Elements 2018 v26 9,magnet:?xt=urn:btih:7A3BF569A63C4436F32D59C38DD49F8D65D1109E&tr=udp%3A%2F%2Ftracker2.dler.com%3A80%2Fannounce&tr=udp%3A%2F%2Ftracker.breizh.pm%3A6969%2Fannounce&tr=udp%3A%2F%2Fwww.torrent.eu.org%3A451%2Fannounce&tr=udp%3A%2F%2Ftracker.torrent.eu.org%3A451%2Fannounce&tr=udp%3A%2F%2Ftracker.opentrackr.org%3A1337%2Fannounce&tr=udp%3A%2F%2Ftracker.bitsearch.to%3A1337%2Fannounce&dn=%5BBitsearch.to%5D+Adobe+Photoshop+Elements+2018+v26+9
"Jul 28, 2023",Adobe Photoshop CC 2023 v24.5.5 Multilingual + Crack,8.16 MB,4.7K,3.1K,15,https://bitsearch.to/torrents/adobe-photoshop-cc-2023-v24-5-5-multilingual-crack-942c3/64c37f584872547683893fe3/,https://itorrents.org/torrent/44A7561920730A1B0BA7F2BDA667ECC27C81968A.torrent?title=[Bitsearch.to]Adobe Photoshop CC 2023 v24.5.5 Multilingual + Crack,magnet:?xt=urn:btih:44A7561920730A1B0BA7F2BDA667ECC27C81968A&tr=udp%3A%2F%2Ftracker2.dler.com%3A80%2Fannounce&tr=udp%3A%2F%2Ftracker.torrent.eu.org%3A451%2Fannounce&tr=udp%3A%2F%2Ftracker.breizh.pm%3A6969%2Fannounce&tr=udp%3A%2F%2Fwww.torrent.eu.org%3A451%2Fannounce&tr=udp%3A%2F%2Ftracker.zerobytes.xyz%3A1337%2Fannounce&tr=udp%3A%2F%2Ftracker.bitsearch.to%3A1337%2Fannounce&dn=%5BBitsearch.to%5D+Adobe+Photoshop+CC+2023+v24.5.5+Multilingual+%2B+Crack
"Jul 28, 2023",Adobe Photoshop 2024 v28.5.5.72 (x64) + Crack,12.5 MB,3.6K,2.4K,22,https://bitsearch.to/torrents/adobe-photoshop-2024-v28-5-5-72-x64-crack-6add9/64c39f1328f3a889373b9837/,https://itorrents.org/torrent/EC7D3FED4B77AD842AE99F14F2EBEC1963B37359.torrent?title=[Bitsearch.to]Adobe Photoshop 2024 v28.5.5.72 (x64) + Crack,magnet:?xt=urn:btih:EC7D3FED4B77AD842AE99F14F2EBEC1963B37359&tr=udp%3A%2F%2Ftracker2.dler.com%3A80%2Fannounce&tr=udp%3A%2F%2Fwww.torrent.eu.org%3A451%2Fannounce&tr=udp%3A%2F%2Ftracker.breizh.pm%3A6969%2Fannounce&tr=udp%3A%2F%2Ftracker.torrent.eu.org%3A451%2Fannounce&tr=udp%3A%2F%2Ftracker.opentrackr.org%3A1337%2Fannounce&tr=udp%3A%2F%2Ftracker.bitsearch.to%3A1337%2Fannounce&dn=%5BBitsearch.to%5D+Adobe+Photoshop+2024+v28.5.5.72+(x64)+%2B+Crack
"Jul 29, 2023",Adobe Photoshop CC 2023 v27.5.5 Multilingual + Crack,15.7 MB,2.6K,1.8K,20,https://bitsearch.to/torrents/adobe-photoshop-cc-2023-v27-5-5-multilingual-crack-d534b/64c4648aed50f3cb3a6facb5/,https://itorrents.org/torrent/96E92BA372FF8F21CA48D759514BA7993D41D285.torrent?title=[Bitsearch.to]Adobe Photoshop CC 2023 v27.5.5 Multilingual + Crack,magnet:?xt=urn:btih:96E92BA372FF8F21CA48D759514BA7993D41D285&tr=udp%3A%2F%2Ftracker2.dler.com%3A80%2Fannounce&tr=udp%3A%2F%2Ftracker.breizh.pm%3A6969%2Fannounce&tr=udp%3A%2F%2Ftracker.torrent.eu.org%3A451%2Fannounce&tr=udp%3A%2F%2Fwww.torrent.eu.org%3A451%2Fannounce&tr=udp%3A%2F%2Ftracker.opentrackr.org%3A1337%2Fannounce&tr=udp%3A%2F%2Ftracker.bitsearch.to%3A1337%2Fannounce&dn=%5BBitsearch.to%5D+Adobe+Photoshop+CC+2023+v27.5.5+Multilingual+%2B+Crack
"Jul 29, 2023",Adobe Photoshop CC 2023 v24.5.5 Multilingual + Crack,8.16 MB,2.6K,1.7K,25,https://bitsearch.to/torrents/adobe-photoshop-cc-2023-v24-5-5-multilingual-crack-70658/64c464c955da4fcfdc795b8a/,https://itorrents.org/torrent/1340F9991A11C44C25806FC2AA6C1409F00D81F3.torrent?title=[Bitsearch.to]Adobe Photoshop CC 2023 v24.5.5 Multilingual + Crack,magnet:?xt=urn:btih:1340F9991A11C44C25806FC2AA6C1409F00D81F3&tr=udp%3A%2F%2Ftracker2.dler.com%3A80%2Fannounce&tr=udp%3A%2F%2Ftracker.breizh.pm%3A6969%2Fannounce&tr=udp%3A%2F%2Fwww.torrent.eu.org%3A451%2Fannounce&tr=udp%3A%2F%2Ftracker.opentrackr.org%3A1337%2Fannounce&tr=udp%3A%2F%2Fp4p.arenabg.com%3A1337%2Fannounce&tr=udp%3A%2F%2Ftracker.bitsearch.to%3A1337%2Fannounce&dn=%5BBitsearch.to%5D+Adobe+Photoshop+CC+2023+v24.5.5+Multilingual+%2B+Crack
"Jul 29, 2023",Adobe Photoshop CC 2019 v20.0.0 Multilingual + Crack,15.5 MB,4.8K,3.2K,20,https://bitsearch.to/torrents/adobe-photoshop-cc-2019-v20-0-0-multilingual-crack-add97/64c51ce7566d173204bfbf62/,https://itorrents.org/torrent/9740E954F273B6D94320216865CB9EFD2242E125.torrent?title=[Bitsearch.to]Adobe Photoshop CC 2019 v20.0.0 Multilingual + Crack,magnet:?xt=urn:btih:9740E954F273B6D94320216865CB9EFD2242E125&tr=udp%3A%2F%2Ftracker2.dler.com%3A80%2Fannounce&tr=udp%3A%2F%2Ftracker.breizh.pm%3A6969%2Fannounce&tr=udp%3A%2F%2Ftracker.torrent.eu.org%3A451%2Fannounce&tr=udp%3A%2F%2Fwww.torrent.eu.org%3A451%2Fannounce&tr=udp%3A%2F%2Ftracker.opentrackr.org%3A1337%2Fannounce&tr=udp%3A%2F%2Ftracker.bitsearch.to%3A1337%2Fannounce&dn=%5BBitsearch.to%5D+Adobe+Photoshop+CC+2019+v20.0.0+Multilingual+%2B+Crack
"Jul 29, 2023",Adobe Photoshop Lightroom Classic CC 2019 10.3 (x64) + Crack,10.1 MB,4K,2.7K,25,https://bitsearch.to/torrents/adobe-photoshop-lightroom-classic-cc-2019-10-3-x64-76b6f/64c55313e9f0003d53bb2e03/,https://itorrents.org/torrent/F67EC439B236A92A2FD5C6F3D6AD25DE863D1282.torrent?title=[Bitsearch.to]Adobe Photoshop Lightroom Classic CC 2019 10.3 (x64) + Crack,magnet:?xt=urn:btih:F67EC439B236A92A2FD5C6F3D6AD25DE863D1282&tr=udp%3A%2F%2Ftracker2.dler.com%3A80%2Fannounce&tr=udp%3A%2F%2Ftracker.torrent.eu.org%3A451%2Fannounce&tr=udp%3A%2F%2Fwww.torrent.eu.org%3A451%2Fannounce&tr=udp%3A%2F%2Ftracker.breizh.pm%3A6969%2Fannounce&tr=udp%3A%2F%2Ftracker.opentrackr.org%3A1337%2Fannounce&tr=udp%3A%2F%2Ftracker.bitsearch.to%3A1337%2Fannounce&dn=%5BBitsearch.to%5D+Adobe+Photoshop+Lightroom+Classic+CC+2019+10.3+(x64)+%2B+Crack
"Jul 29, 2023",Adobe Photoshop 2024 v28.5.5.72 (x64) + Crack,12.5 MB,3.1K,2.1K,15,https://bitsearch.to/torrents/adobe-photoshop-2024-v28-5-5-72-x64-crack-834ff/64c493e9dd38d9df7c0edb00/,https://itorrents.org/torrent/E6DD5791FD1FE9CD200CCCCB95B5D9B64B19BE91.torrent?title=[Bitsearch.to]Adobe Photoshop 2024 v28.5.5.72 (x64) + Crack,magnet:?xt=urn:btih:E6DD5791FD1FE9CD200CCCCB95B5D9B64B19BE91&tr=udp%3A%2F%2Ftracker2.dler.com%3A80%2Fannounce&tr=udp%3A%2F%2Fwww.torrent.eu.org%3A451%2Fannounce&tr=udp%3A%2F%2Ftracker.opentrackr.org%3A1337%2Fannounce&tr=udp%3A%2F%2Fpow7.com%3A80%2Fannounce&tr=udp%3A%2F%2Fopen.stealth.si%3A80%2Fannounce&tr=udp%3A%2F%2Ftracker.bitsearch.to%3A1337%2Fannounce&dn=%5BBitsearch.to%5D+Adobe+Photoshop+2024+v28.5.5.72+(x64)+%2B+Crack
"Jul 29, 2023",Adobe Photoshop Lightroom CC 2019 6.1 + Crack,31.3 MB,4.7K,3.1K,20,https://bitsearch.to/torrents/adobe-photoshop-lightroom-cc-2019-6-1-crack-6baa4/64c51c98566d173204bfbb96/,https://itorrents.org/torrent/DAF49C8FFA7BDC8202C41D83756DB2A6F08FD2B8.torrent?title=[Bitsearch.to]Adobe Photoshop Lightroom CC 2019 6.1 + Crack,magnet:?xt=urn:btih:DAF49C8FFA7BDC8202C41D83756DB2A6F08FD2B8&tr=udp%3A%2F%2Ftracker2.dler.com%3A80%2Fannounce&tr=udp%3A%2F%2Ftracker.torrent.eu.org%3A451%2Fannounce&tr=udp%3A%2F%2Fwww.torrent.eu.org%3A451%2Fannounce&tr=udp%3A%2F%2Ftracker.opentrackr.org%3A1337%2Fannounce&tr=udp%3A%2F%2Fopen.stealth.si%3A80%2Fannounce&tr=udp%3A%2F%2Ftracker.bitsearch.to%3A1337%2Fannounce&dn=%5BBitsearch.to%5D+Adobe+Photoshop+Lightroom+CC+2019+6.1+%2B+Crack
"Jul 29, 2023",Adobe Photoshop Lightroom CC 12.8.3 + Crack,22.1 MB,4.7K,3.2K,20,https://bitsearch.to/torrents/adobe-photoshop-lightroom-cc-12-8-3-crack-19ce7/64c51d0f566d173204bfc1df/,https://itorrents.org/torrent/1A0B8416132F847A5C67745C335438DF25185CFB.torrent?title=[Bitsearch.to]Adobe Photoshop Lightroom CC 12.8.3 + Crack,magnet:?xt=urn:btih:1A0B8416132F847A5C67745C335438DF25185CFB&tr=udp%3A%2F%2Ftracker2.dler.com%3A80%2Fannounce&tr=udp%3A%2F%2Ftracker.breizh.pm%3A6969%2Fannounce&tr=udp%3A%2F%2Ftracker.torrent.eu.org%3A451%2Fannounce&tr=udp%3A%2F%2Fwww.torrent.eu.org%3A451%2Fannounce&tr=udp%3A%2F%2Ftracker.opentrackr.org%3A1337%2Fannounce&tr=udp%3A%2F%2Ftracker.bitsearch.to%3A1337%2Fannounce&dn=%5BBitsearch.to%5D+Adobe+Photoshop+Lightroom+CC+12.8.3+%2B+Crack
"Jul 29, 2023",Adobe Photoshop 2024 v28.5.5.72 (x64) + Crack,12.5 MB,4.6K,3K,13,https://bitsearch.to/torrents/adobe-photoshop-2024-v28-5-5-72-x64-crack-c7a29/64c52a3ff922e935bcfdff5d/,https://itorrents.org/torrent/EBDE00337A22FAB7297334DD286D86FD6F78FF92.torrent?title=[Bitsearch.to]Adobe Photoshop 2024 v28.5.5.72 (x64) + Crack,magnet:?xt=urn:btih:EBDE00337A22FAB7297334DD286D86FD6F78FF92&tr=udp%3A%2F%2Ftracker2.dler.com%3A80%2Fannounce&tr=udp%3A%2F%2Ftracker.breizh.pm%3A6969%2Fannounce&tr=udp%3A%2F%2Fwww.torrent.eu.org%3A451%2Fannounce&tr=udp%3A%2F%2Ftracker.torrent.eu.org%3A451%2Fannounce&tr=udp%3A%2F%2Ftracker.opentrackr.org%3A1337%2Fannounce&tr=udp%3A%2F%2Ftracker.bitsearch.to%3A1337%2Fannounce&dn=%5BBitsearch.to%5D+Adobe+Photoshop+2024+v28.5.5.72+(x64)+%2B+Crack
"Jul 29, 2023",Adobe Photoshop CS6 18.0.5 Final Multilanguage 2018,27.5 MB,1.7K,1.2K,20,https://bitsearch.to/torrents/adobe-photoshop-cs6-18-0-5-final-multilanguage-201-c93fb/64c5901668836b55676353f0/,https://itorrents.org/torrent/3557C17523C5CF69AC04E9F85D7B86C056E8DD68.torrent?title=[Bitsearch.to]Adobe Photoshop CS6 18.0.5 Final Multilanguage 2018,magnet:?xt=urn:btih:3557C17523C5CF69AC04E9F85D7B86C056E8DD68&tr=udp%3A%2F%2Ftracker2.dler.com%3A80%2Fannounce&tr=udp%3A%2F%2Ftracker.torrent.eu.org%3A451%2Fannounce&tr=udp%3A%2F%2Fwww.torrent.eu.org%3A451%2Fannounce&tr=udp%3A%2F%2Ftracker.moeking.me%3A6969%2Fannounce&tr=udp%3A%2F%2Ftracker.zerobytes.xyz%3A1337%2Fannounce&tr=udp%3A%2F%2Ftracker.bitsearch.to%3A1337%2Fannounce&dn=%5BBitsearch.to%5D+Adobe+Photoshop+CS6+18.0.5+Final+Multilanguage+2018
"Jul 30, 2023",Adobe Photoshop CC 2023 v24.5.5 Multilingual + Crack,8.16 MB,3K,2K,25,https://bitsearch.to/torrents/adobe-photoshop-cc-2023-v24-5-5-multilingual-crack-14d4c/64c5f59eb960ff746c14d81c/,https://itorrents.org/torrent/E92771F2A60CA536043D1B465384562E276A7BBC.torrent?title=[Bitsearch.to]Adobe Photoshop CC 2023 v24.5.5 Multilingual + Crack,magnet:?xt=urn:btih:E92771F2A60CA536043D1B465384562E276A7BBC&tr=udp%3A%2F%2Ftracker2.dler.com%3A80%2Fannounce&tr=udp%3A%2F%2Ftracker.breizh.pm%3A6969%2Fannounce&tr=udp%3A%2F%2Fwww.torrent.eu.org%3A451%2Fannounce&tr=udp%3A%2F%2Ftracker.opentrackr.org%3A1337%2Fannounce&tr=udp%3A%2F%2Fpow7.com%3A80%2Fannounce&tr=udp%3A%2F%2Ftracker.bitsearch.to%3A1337%2Fannounce&dn=%5BBitsearch.to%5D+Adobe+Photoshop+CC+2023+v24.5.5+Multilingual+%2B+Crack
"Jul 30, 2023",Adobe Photoshop 2024 v28.5.5.72 (x64) + Crack,12.5 MB,3.2K,2.2K,12,https://bitsearch.to/torrents/adobe-photoshop-2024-v28-5-5-72-x64-crack-06a9b/64c65f96b536a095329701b0/,https://itorrents.org/torrent/F3FE68EF357BB919A8A3C34932A95F6C67998DCC.torrent?title=[Bitsearch.to]Adobe Photoshop 2024 v28.5.5.72 (x64) + Crack,magnet:?xt=urn:btih:F3FE68EF357BB919A8A3C34932A95F6C67998DCC&tr=udp%3A%2F%2Ftracker2.dler.com%3A80%2Fannounce&tr=udp%3A%2F%2Ftracker.breizh.pm%3A6969%2Fannounce&tr=udp%3A%2F%2Fwww.torrent.eu.org%3A451%2Fannounce&tr=udp%3A%2F%2Ftracker.torrent.eu.org%3A451%2Fannounce&tr=udp%3A%2F%2Ftracker.opentrackr.org%3A1337%2Fannounce&tr=udp%3A%2F%2Ftracker.bitsearch.to%3A1337%2Fannounce&dn=%5BBitsearch.to%5D+Adobe+Photoshop+2024+v28.5.5.72+(x64)+%2B+Crack
"Jul 30, 2023",Photoshop CC 2019 + Crack,11 MB,3.6K,2.4K,21,https://bitsearch.to/torrents/photoshop-cc-2019-crack-bb4ff/64c605ae1a14e877ccb99eaa/,https://itorrents.org/torrent/173C8F58247073965FE9C27FB5D7FBA72F86BE2F.torrent?title=[Bitsearch.to]Photoshop CC 2019 + Crack,magnet:?xt=urn:btih:173C8F58247073965FE9C27FB5D7FBA72F86BE2F&tr=udp%3A%2F%2Ftracker2.dler.com%3A80%2Fannounce&tr=udp%3A%2F%2Fwww.torrent.eu.org%3A451%2Fannounce&tr=udp%3A%2F%2Ftracker.breizh.pm%3A6969%2Fannounce&tr=udp%3A%2F%2Ftracker.opentrackr.org%3A1337%2Fannounce&tr=udp%3A%2F%2Ftracker.leech.ie%3A1337%2Fannounce&tr=udp%3A%2F%2Ftracker.bitsearch.to%3A1337%2Fannounce&dn=%5BBitsearch.to%5D+Photoshop+CC+2019+%2B+Crack
"Aug 5, 2023",Adobe Photoshop Lightroom CC 11.9.3 + Crack,13.9 MB,4.4K,2.9K,20,https://bitsearch.to/torrents/adobe-photoshop-lightroom-cc-11-9-3-crack-6873d/64ce03581b8bf73fb63c2837/,https://itorrents.org/torrent/70D299A0259488B66E714FA276D968F728F36B4B.torrent?title=[Bitsearch.to]Adobe Photoshop Lightroom CC 11.9.3 + Crack,magnet:?xt=urn:btih:70D299A0259488B66E714FA276D968F728F36B4B&tr=udp%3A%2F%2Ftracker2.dler.com%3A80%2Fannounce&tr=udp%3A%2F%2Fwww.torrent.eu.org%3A451%2Fannounce&tr=udp%3A%2F%2Ftracker.opentrackr.org%3A1337%2Fannounce&tr=udp%3A%2F%2Fopen.stealth.si%3A80%2Fannounce&tr=udp%3A%2F%2Fp4p.arenabg.com%3A1337%2Fannounce&tr=udp%3A%2F%2Ftracker.bitsearch.to%3A1337%2Fannounce&dn=%5BBitsearch.to%5D+Adobe+Photoshop+Lightroom+CC+11.9.3+%2B+Crack
"Aug 5, 2023",Adobe Photoshop CC 2019 v20.0.0 Multilingual + Crack,15.5 MB,4.4K,3K,20,https://bitsearch.to/torrents/adobe-photoshop-cc-2019-v20-0-0-multilingual-crack-66f25/64ce07721b8bf73fb63c3182/,https://itorrents.org/torrent/0BF4C8CC74797B64F0F1C82FB892C66852D09143.torrent?title=[Bitsearch.to]Adobe Photoshop CC 2019 v20.0.0 Multilingual + Crack,magnet:?xt=urn:btih:0BF4C8CC74797B64F0F1C82FB892C66852D09143&tr=udp%3A%2F%2Ftracker2.dler.com%3A80%2Fannounce&tr=udp%3A%2F%2Ftracker.torrent.eu.org%3A451%2Fannounce&tr=udp%3A%2F%2Fwww.torrent.eu.org%3A451%2Fannounce&tr=udp%3A%2F%2Ftracker.opentrackr.org%3A1337%2Fannounce&tr=udp%3A%2F%2Fpow7.com%3A80%2Fannounce&tr=udp%3A%2F%2Ftracker.bitsearch.to%3A1337%2Fannounce&dn=%5BBitsearch.to%5D+Adobe+Photoshop+CC+2019+v20.0.0+Multilingual+%2B+Crack
"Aug 5, 2023",Photoshop Panels + Plugins Collection 12.2019 + Keygen,9.27 MB,4.6K,3K,20,https://bitsearch.to/torrents/photoshop-panels-plugins-collection-12-2019-keygen-22b75/64ce58698e7b176c84ef83e9/,https://itorrents.org/torrent/6F73CE76D93491863F4243DB971081B7189A7E95.torrent?title=[Bitsearch.to]Photoshop Panels + Plugins Collection 12.2019 + Keygen,magnet:?xt=urn:btih:6F73CE76D93491863F4243DB971081B7189A7E95&tr=udp%3A%2F%2Ftracker2.dler.com%3A80%2Fannounce&tr=udp%3A%2F%2Ftracker.torrent.eu.org%3A451%2Fannounce&tr=udp%3A%2F%2Fwww.torrent.eu.org%3A451%2Fannounce&tr=udp%3A%2F%2Ftracker.opentrackr.org%3A1337%2Fannounce&tr=udp%3A%2F%2Fpow7.com%3A80%2Fannounce&tr=udp%3A%2F%2Ftracker.bitsearch.to%3A1337%2Fannounce&dn=%5BBitsearch.to%5D+Photoshop+Panels+%2B+Plugins+Collection+12.2019+%2B+Keygen
"Aug 5, 2023",Adobe Photoshop CC 2018 17.1.0.42091 + Crack,30.1 MB,4.6K,3.1K,25,https://bitsearch.to/torrents/adobe-photoshop-cc-2018-17-1-0-42091-crack-b578b/64ce57f48e7b176c84ef80e0/,https://itorrents.org/torrent/CC8BE2E5CCB8B40F6E2C80F9DD085414ED7585A9.torrent?title=[Bitsearch.to]Adobe Photoshop CC 2018 17.1.0.42091 + Crack,magnet:?xt=urn:btih:CC8BE2E5CCB8B40F6E2C80F9DD085414ED7585A9&tr=udp%3A%2F%2Ftracker2.dler.com%3A80%2Fannounce&tr=udp%3A%2F%2Ftracker.torrent.eu.org%3A451%2Fannounce&tr=udp%3A%2F%2Fwww.torrent.eu.org%3A451%2Fannounce&tr=udp%3A%2F%2Ftracker.moeking.me%3A6969%2Fannounce&tr=udp%3A%2F%2Ftracker.opentrackr.org%3A1337%2Fannounce&tr=udp%3A%2F%2Ftracker.bitsearch.to%3A1337%2Fannounce&dn=%5BBitsearch.to%5D+Adobe+Photoshop+CC+2018+17.1.0.42091+%2B+Crack
"Aug 6, 2023",Adobe Photoshop CC 2018 v19.1.1.252 + Patch,13.8 MB,3.8K,2.5K,20,https://bitsearch.to/torrents/adobe-photoshop-cc-2018-v19-1-1-252-patch-9315c/64cf4e0073a83bea5d9a21f2/,https://itorrents.org/torrent/D50E2BFC8D58729E477FEB9E07C0649B1710CF63.torrent?title=[Bitsearch.to]Adobe Photoshop CC 2018 v19.1.1.252 + Patch,magnet:?xt=urn:btih:D50E2BFC8D58729E477FEB9E07C0649B1710CF63&tr=udp%3A%2F%2Ftracker2.dler.com%3A80%2Fannounce&tr=udp%3A%2F%2Ftracker.torrent.eu.org%3A451%2Fannounce&tr=udp%3A%2F%2Fwww.torrent.eu.org%3A451%2Fannounce&tr=udp%3A%2F%2Ftracker.opentrackr.org%3A1337%2Fannounce&tr=udp%3A%2F%2Fpow7.com%3A80%2Fannounce&tr=udp%3A%2F%2Ftracker.bitsearch.to%3A1337%2Fannounce&dn=%5BBitsearch.to%5D+Adobe+Photoshop+CC+2018+v19.1.1.252+%2B+Patch
"Aug 6, 2023",Adobe Photoshop CS6 v15.3.4 Extended Final Portable +Crack,9.02 MB,4.6K,3.1K,15,https://bitsearch.to/torrents/adobe-photoshop-cs6-v15-3-4-extended-final-portabl-03162/64cf94b20654cb06d9eb2713/,https://itorrents.org/torrent/A4B763791DFEB78F37F60152E7332B0752441F96.torrent?title=[Bitsearch.to]Adobe Photoshop CS6 v15.3.4 Extended Final Portable +Crack,magnet:?xt=urn:btih:A4B763791DFEB78F37F60152E7332B0752441F96&tr=udp%3A%2F%2Ftracker2.dler.com%3A80%2Fannounce&tr=udp%3A%2F%2Ftracker.torrent.eu.org%3A451%2Fannounce&tr=udp%3A%2F%2Fwww.torrent.eu.org%3A451%2Fannounce&tr=udp%3A%2F%2Ftracker.opentrackr.org%3A1337%2Fannounce&tr=udp%3A%2F%2Fopen.stealth.si%3A80%2Fannounce&tr=udp%3A%2F%2Ftracker.bitsearch.to%3A1337%2Fannounce&dn=%5BBitsearch.to%5D+Adobe+Photoshop+CS6+v15.3.4+Extended+Final+Portable+%2BCrack
"Aug 5, 2023",Adobe Photoshop CC 2017 (20170529.r.89) (32+64Bit),17.6 MB,2.7K,1.8K,22,https://bitsearch.to/torrents/adobe-photoshop-cc-2017-20170529-r-89-32-64bit-9825f/64cea503417a27927d5241ac/,https://itorrents.org/torrent/764DE4AF64D4308AE57CADC965F519647A40DFA5.torrent?title=[Bitsearch.to]Adobe Photoshop CC 2017 (20170529.r.89) (32+64Bit),magnet:?xt=urn:btih:764DE4AF64D4308AE57CADC965F519647A40DFA5&tr=udp%3A%2F%2Ftracker2.dler.com%3A80%2Fannounce&tr=udp%3A%2F%2Ftracker.torrent.eu.org%3A451%2Fannounce&tr=udp%3A%2F%2Ftracker.opentrackr.org%3A1337%2Fannounce&tr=udp%3A%2F%2Ftracker.breizh.pm%3A6969%2Fannounce&tr=udp%3A%2F%2Fopen.stealth.si%3A80%2Fannounce&tr=udp%3A%2F%2Ftracker.bitsearch.to%3A1337%2Fannounce&dn=%5BBitsearch.to%5D+Adobe+Photoshop+CC+2017+(20170529.r.89)+(32%2B64Bit)
"Aug 6, 2023",Adobe Photoshop Elements with Premiere 2019 v19.3+ Serials,11.1 MB,2.2K,1.4K,25,https://bitsearch.to/torrents/adobe-photoshop-elements-with-premiere-2019-v19-3--854b1/64cf6b91378401f8a42c3e2d/,https://itorrents.org/torrent/D7B511F463903F5AF2FB02B6D03D95E8BDF64B4C.torrent?title=[Bitsearch.to]Adobe Photoshop Elements with Premiere 2019 v19.3+ Serials,magnet:?xt=urn:btih:D7B511F463903F5AF2FB02B6D03D95E8BDF64B4C&tr=udp%3A%2F%2Ftracker2.dler.com%3A80%2Fannounce&tr=udp%3A%2F%2Ftracker.torrent.eu.org%3A451%2Fannounce&tr=udp%3A%2F%2Fwww.torrent.eu.org%3A451%2Fannounce&tr=udp%3A%2F%2Ftracker.opentrackr.org%3A1337%2Fannounce&tr=udp%3A%2F%2Fpow7.com%3A80%2Fannounce&tr=udp%3A%2F%2Ftracker.bitsearch.to%3A1337%2Fannounce&dn=%5BBitsearch.to%5D+Adobe+Photoshop+Elements+with+Premiere+2019+v19.3%2B+Serials
"Aug 6, 2023",Adobe Photoshop CC 2019 21.3.4 + Patch + Crack,10.9 MB,3.4K,2.3K,18,https://bitsearch.to/torrents/adobe-photoshop-cc-2019-21-3-4-patch-crack-d33fe/64cfc2bce6ea6b1ff3df5d22/,https://itorrents.org/torrent/FD3A13A4F9AC31C4668C802F07A28AD83D4BA7E3.torrent?title=[Bitsearch.to]Adobe Photoshop CC 2019 21.3.4 + Patch + Crack,magnet:?xt=urn:btih:FD3A13A4F9AC31C4668C802F07A28AD83D4BA7E3&tr=udp%3A%2F%2Ftracker2.dler.com%3A80%2Fannounce&tr=udp%3A%2F%2Fwww.torrent.eu.org%3A451%2Fannounce&tr=udp%3A%2F%2Ftracker.opentrackr.org%3A1337%2Fannounce&tr=udp%3A%2F%2Fpow7.com%3A80%2Fannounce&tr=udp%3A%2F%2Fopen.stealth.si%3A80%2Fannounce&tr=udp%3A%2F%2Ftracker.bitsearch.to%3A1337%2Fannounce&dn=%5BBitsearch.to%5D+Adobe+Photoshop+CC+2019+21.3.4+%2B+Patch+%2B+Crack
"Aug 7, 2023",Adobe Photoshop CS6 15.2.3 Final Multilanguage [Cracked dll],12.1 MB,4.3K,2.8K,30,https://bitsearch.to/torrents/adobe-photoshop-cs6-15-2-3-final-multilanguage-cra-c0951/64d0812c91e88a8267244f9f/,https://itorrents.org/torrent/ACA16D398334B14A5A5B3E65EA47304DC8C49B84.torrent?title=[Bitsearch.to]Adobe Photoshop CS6 15.2.3 Final Multilanguage [Cracked dll],magnet:?xt=urn:btih:ACA16D398334B14A5A5B3E65EA47304DC8C49B84&tr=udp%3A%2F%2Ftracker2.dler.com%3A80%2Fannounce&tr=udp%3A%2F%2Ftracker.torrent.eu.org%3A451%2Fannounce&tr=udp%3A%2F%2Fwww.torrent.eu.org%3A451%2Fannounce&tr=udp%3A%2F%2Ftracker.opentrackr.org%3A1337%2Fannounce&tr=udp%3A%2F%2Fopen.stealth.si%3A80%2Fannounce&tr=udp%3A%2F%2Ftracker.bitsearch.to%3A1337%2Fannounce&dn=%5BBitsearch.to%5D+Adobe+Photoshop+CS6+15.2.3+Final+Multilanguage+%5BCracked+dll%5D
"Aug 7, 2023",Adobe Photoshop CC 2019 18.0 x64,28.1 MB,5.4K,3.6K,30,https://bitsearch.to/torrents/adobe-photoshop-cc-2019-18-0-x64-9b1cc/64d0b79bc42410965f7d8e20/,https://itorrents.org/torrent/1D4A9EF75E03A0F1BEB701291E19F9F99D33F5D9.torrent?title=[Bitsearch.to]Adobe Photoshop CC 2019 18.0 x64,magnet:?xt=urn:btih:1D4A9EF75E03A0F1BEB701291E19F9F99D33F5D9&tr=udp%3A%2F%2Ftracker2.dler.com%3A80%2Fannounce&tr=udp%3A%2F%2Fwww.torrent.eu.org%3A451%2Fannounce&tr=udp%3A%2F%2Ftracker.torrent.eu.org%3A451%2Fannounce&tr=udp%3A%2F%2Ftracker.opentrackr.org%3A1337%2Fannounce&tr=udp%3A%2F%2Ftracker.breizh.pm%3A6969%2Fannounce&tr=udp%3A%2F%2Ftracker.bitsearch.to%3A1337%2Fannounce&dn=%5BBitsearch.to%5D+Adobe+Photoshop+CC+2019+18.0+x64
"Aug 7, 2023",Topaz Photoshop Plugins Bundle Nov.2019 For Windows - Crack,43.5 MB,3.4K,2.3K,25,https://bitsearch.to/torrents/topaz-photoshop-plugins-bundle-nov-2019-for-window-36011/64d06d96046786789673e424/,https://itorrents.org/torrent/127F8C65CD3F2E584123F49C51466CF35EB71825.torrent?title=[Bitsearch.to]Topaz Photoshop Plugins Bundle Nov.2019 For Windows - Crack,magnet:?xt=urn:btih:127F8C65CD3F2E584123F49C51466CF35EB71825&tr=udp%3A%2F%2Ftracker2.dler.com%3A80%2Fannounce&tr=udp%3A%2F%2Ftracker.opentrackr.org%3A1337%2Fannounce&tr=udp%3A%2F%2Ftracker.torrent.eu.org%3A451%2Fannounce&tr=udp%3A%2F%2Fwww.torrent.eu.org%3A451%2Fannounce&tr=udp%3A%2F%2Ftracker.breizh.pm%3A6969%2Fannounce&tr=udp%3A%2F%2Ftracker.bitsearch.to%3A1337%2Fannounce&dn=%5BBitsearch.to%5D+Topaz+Photoshop+Plugins+Bundle+Nov.2019+For+Windows+-+Crack
"Aug 7, 2023",Adobe Photoshop CC 2018 FULL Portable,7.6 MB,4.4K,2.9K,20,https://bitsearch.to/torrents/adobe-photoshop-cc-2018-full-portable-7be14/64d088abc825e0870966db3c/,https://itorrents.org/torrent/A0CD45E4FAB3F22C20E5CF3EFDB6C3F8543037B7.torrent?title=[Bitsearch.to]Adobe Photoshop CC 2018 FULL Portable,magnet:?xt=urn:btih:A0CD45E4FAB3F22C20E5CF3EFDB6C3F8543037B7&tr=udp%3A%2F%2Ftracker2.dler.com%3A80%2Fannounce&tr=udp%3A%2F%2Fwww.torrent.eu.org%3A451%2Fannounce&tr=udp%3A%2F%2Ftracker.torrent.eu.org%3A451%2Fannounce&tr=udp%3A%2F%2Ftracker.opentrackr.org%3A1337%2Fannounce&tr=udp%3A%2F%2Fopen.stealth.si%3A80%2Fannounce&tr=udp%3A%2F%2Ftracker.bitsearch.to%3A1337%2Fannounce&dn=%5BBitsearch.to%5D+Adobe+Photoshop+CC+2018+FULL+Portable
"Aug 7, 2023",Adobe Photoshop Portable CS6 13.2 (x32x64) Multi,10.8 MB,3.9K,2.6K,25,https://bitsearch.to/torrents/adobe-photoshop-portable-cs6-13-2-x32x64-multi-d6d0f/64d0885791e88a82672467b9/,https://itorrents.org/torrent/77A0391D5657FC680E247753C41842CE6568D54C.torrent?title=[Bitsearch.to]Adobe Photoshop Portable CS6 13.2 (x32x64) Multi,magnet:?xt=urn:btih:77A0391D5657FC680E247753C41842CE6568D54C&tr=udp%3A%2F%2Ftracker2.dler.com%3A80%2Fannounce&tr=udp%3A%2F%2Fwww.torrent.eu.org%3A451%2Fannounce&tr=udp%3A%2F%2Ftracker.torrent.eu.org%3A451%2Fannounce&tr=udp%3A%2F%2Ftracker.opentrackr.org%3A1337%2Fannounce&tr=udp%3A%2F%2Ftracker.breizh.pm%3A6969%2Fannounce&tr=udp%3A%2F%2Ftracker.bitsearch.to%3A1337%2Fannounce&dn=%5BBitsearch.to%5D+Adobe+Photoshop+Portable+CS6+13.2+(x32x64)+Multi
"Aug 7, 2023",Adobe Photoshop 2023 29.7.5.320 (x64) + Crack,16.1 MB,3.2K,2.2K,451,https://bitsearch.to/torrents/adobe-photoshop-2023-29-7-5-320-x64-crack-1ab77/64d0945dc825e0870966fcfc/,https://itorrents.org/torrent/8C2373651E68BDCD7EE4827869DE7E8A3EDE8A12.torrent?title=[Bitsearch.to]Adobe Photoshop 2023 29.7.5.320 (x64) + Crack,magnet:?xt=urn:btih:8C2373651E68BDCD7EE4827869DE7E8A3EDE8A12&tr=udp%3A%2F%2Ftracker2.dler.com%3A80%2Fannounce&tr=udp%3A%2F%2Fwww.torrent.eu.org%3A451%2Fannounce&tr=udp%3A%2F%2Ftracker.torrent.eu.org%3A451%2Fannounce&tr=udp%3A%2F%2Ftracker.opentrackr.org%3A1337%2Fannounce&tr=udp%3A%2F%2Fopen.stealth.si%3A80%2Fannounce&tr=udp%3A%2F%2Ftracker.bitsearch.to%3A1337%2Fannounce&dn=%5BBitsearch.to%5D+Adobe+Photoshop+2023+29.7.5.320+(x64)+%2B+Crack
"Aug 7, 2023",Adobe Photoshop CS6 23.0.8 Final Multilanguage (cracked dll),22.4 MB,3.9K,2.6K,25,https://bitsearch.to/torrents/adobe-photoshop-cs6-23-0-8-final-multilanguage-cra-a7a94/64d12b9da58b9ec81643f21e/,https://itorrents.org/torrent/C9DC2F30A71407275A00220036E31C139CC889F5.torrent?title=[Bitsearch.to]Adobe Photoshop CS6 23.0.8 Final Multilanguage (cracked dll),magnet:?xt=urn:btih:C9DC2F30A71407275A00220036E31C139CC889F5&tr=udp%3A%2F%2Ftracker2.dler.com%3A80%2Fannounce&tr=udp%3A%2F%2Ftracker.torrent.eu.org%3A451%2Fannounce&tr=udp%3A%2F%2Fwww.torrent.eu.org%3A451%2Fannounce&tr=udp%3A%2F%2Ftracker.opentrackr.org%3A1337%2Fannounce&tr=udp%3A%2F%2Fopen.stealth.si%3A80%2Fannounce&tr=udp%3A%2F%2Ftracker.bitsearch.to%3A1337%2Fannounce&dn=%5BBitsearch.to%5D+Adobe+Photoshop+CS6+23.0.8+Final+Multilanguage+(cracked+dll)
"Aug 7, 2023",Adobe Photoshop CS6 18.0.5 Final Multilanguage 2018,27.5 MB,4.1K,2.7K,0,https://bitsearch.to/torrents/adobe-photoshop-cs6-18-0-5-final-multilanguage-201-f931f/64d12c31a58b9ec81643f41a/,https://itorrents.org/torrent/72314B3293039BB40306D25A5627DF6D20EAE9B5.torrent?title=[Bitsearch.to]Adobe Photoshop CS6 18.0.5 Final Multilanguage 2018,magnet:?xt=urn:btih:72314B3293039BB40306D25A5627DF6D20EAE9B5&tr=udp%3A%2F%2Ftracker2.dler.com%3A80%2Fannounce&tr=udp%3A%2F%2Fwww.torrent.eu.org%3A451%2Fannounce&tr=udp%3A%2F%2Ftracker.opentrackr.org%3A1337%2Fannounce&tr=udp%3A%2F%2Fopen.stealth.si%3A80%2Fannounce&tr=udp%3A%2F%2Fpow7.com%3A80%2Fannounce&tr=udp%3A%2F%2Ftracker.bitsearch.to%3A1337%2Fannounce&dn=%5BBitsearch.to%5D+Adobe+Photoshop+CS6+18.0.5+Final+Multilanguage+2018
"Aug 8, 2023",Golden Vintage Photo Frames in Png Format Adobe Photoshop,11.3 MB,3.8K,2.5K,20,https://bitsearch.to/torrents/golden-vintage-photo-frames-in-png-format-adobe-ph-afa99/64d22077aaa4d136d88fbfbc/,https://itorrents.org/torrent/2224770417935213537C248924B1351054AD0516.torrent?title=[Bitsearch.to]Golden Vintage Photo Frames in Png Format Adobe Photoshop,magnet:?xt=urn:btih:2224770417935213537C248924B1351054AD0516&tr=udp%3A%2F%2Ftracker2.dler.com%3A80%2Fannounce&tr=udp%3A%2F%2Ftracker.moeking.me%3A6969%2Fannounce&tr=udp%3A%2F%2Ftracker.opentrackr.org%3A1337%2Fannounce&tr=udp%3A%2F%2Fopen.stealth.si%3A80%2Fannounce&tr=udp%3A%2F%2Ftracker.leech.ie%3A1337%2Fannounce&tr=udp%3A%2F%2Ftracker.bitsearch.to%3A1337%2Fannounce&dn=%5BBitsearch.to%5D+Golden+Vintage+Photo+Frames+in+Png+Format+Adobe+Photoshop
"Aug 8, 2023",Adobe Photoshop 2023 29.7.5.320 (x64) + Crack,16.1 MB,3.9K,2.6K,266,https://bitsearch.to/torrents/adobe-photoshop-2023-29-7-5-320-x64-crack-22db7/64d23798ccf4693fe96d2cbb/,https://itorrents.org/torrent/8A1FB325DF1BA9CA83B7012B701FAECF0E7F3AF0.torrent?title=[Bitsearch.to]Adobe Photoshop 2023 29.7.5.320 (x64) + Crack,magnet:?xt=urn:btih:8A1FB325DF1BA9CA83B7012B701FAECF0E7F3AF0&tr=udp%3A%2F%2Ftracker.torrent.eu.org%3A451%2Fannounce&tr=udp%3A%2F%2Fwww.torrent.eu.org%3A451%2Fannounce&tr=udp%3A%2F%2Ftracker.opentrackr.org%3A1337%2Fannounce&tr=udp%3A%2F%2Fopen.stealth.si%3A80%2Fannounce&tr=udp%3A%2F%2Fpow7.com%3A80%2Fannounce&tr=udp%3A%2F%2Ftracker.bitsearch.to%3A1337%2Fannounce&dn=%5BBitsearch.to%5D+Adobe+Photoshop+2023+29.7.5.320+(x64)+%2B+Crack
"Aug 8, 2023",Adobe Photoshop CC 2018 v21.0.3.29687 (x86x64),13.9 MB,4.8K,3.2K,0,https://bitsearch.to/torrents/adobe-photoshop-cc-2018-v21-0-3-29687-x86x64-36c91/64d22da4aaa4d136d890979b/,https://itorrents.org/torrent/161D29B6A48BBB9383A76979D690121DC417A770.torrent?title=[Bitsearch.to]Adobe Photoshop CC 2018 v21.0.3.29687 (x86x64),magnet:?xt=urn:btih:161D29B6A48BBB9383A76979D690121DC417A770&tr=udp%3A%2F%2Ftracker2.dler.com%3A80%2Fannounce&tr=udp%3A%2F%2Ftracker.torrent.eu.org%3A451%2Fannounce&tr=udp%3A%2F%2Fwww.torrent.eu.org%3A451%2Fannounce&tr=udp%3A%2F%2Ftracker.opentrackr.org%3A1337%2Fannounce&tr=udp%3A%2F%2Fopen.stealth.si%3A80%2Fannounce&tr=udp%3A%2F%2Ftracker.bitsearch.to%3A1337%2Fannounce&dn=%5BBitsearch.to%5D+Adobe+Photoshop+CC+2018+v21.0.3.29687+(x86x64)
"Aug 8, 2023",Adobe Photoshop Lightroom CC 2019 8.5 + Crack,8.07 MB,3.8K,2.6K,20,https://bitsearch.to/torrents/adobe-photoshop-lightroom-cc-2019-8-5-crack-462da/64d245384e6b48482efcf010/,https://itorrents.org/torrent/569E86367F57F47DB91815479277B397D72590B9.torrent?title=[Bitsearch.to]Adobe Photoshop Lightroom CC 2019 8.5 + Crack,magnet:?xt=urn:btih:569E86367F57F47DB91815479277B397D72590B9&tr=udp%3A%2F%2Ftracker2.dler.com%3A80%2Fannounce&tr=udp%3A%2F%2Ftracker.torrent.eu.org%3A451%2Fannounce&tr=udp%3A%2F%2Fwww.torrent.eu.org%3A451%2Fannounce&tr=udp%3A%2F%2Ftracker.opentrackr.org%3A1337%2Fannounce&tr=udp%3A%2F%2Fopen.stealth.si%3A80%2Fannounce&tr=udp%3A%2F%2Ftracker.bitsearch.to%3A1337%2Fannounce&dn=%5BBitsearch.to%5D+Adobe+Photoshop+Lightroom+CC+2019+8.5+%2B+Crack
"Aug 8, 2023",Adobe Photoshop CC 2018 17.1.1.42093 + Pre-Cracked,17.1 MB,3.9K,2.6K,30,https://bitsearch.to/torrents/adobe-photoshop-cc-2018-17-1-1-42093-pre-cracked-5360f/64d2180220b5f6311aefdf1d/,https://itorrents.org/torrent/4C7961E19F337D0F1D8F9ABF68F6118C0E0E7732.torrent?title=[Bitsearch.to]Adobe Photoshop CC 2018 17.1.1.42093 + Pre-Cracked,magnet:?xt=urn:btih:4C7961E19F337D0F1D8F9ABF68F6118C0E0E7732&tr=udp%3A%2F%2Ftracker2.dler.com%3A80%2Fannounce&tr=udp%3A%2F%2Fwww.torrent.eu.org%3A451%2Fannounce&tr=udp%3A%2F%2Ftracker.torrent.eu.org%3A451%2Fannounce&tr=udp%3A%2F%2Ftracker.opentrackr.org%3A1337%2Fannounce&tr=udp%3A%2F%2Ftracker.moeking.me%3A6969%2Fannounce&tr=udp%3A%2F%2Ftracker.bitsearch.to%3A1337%2Fannounce&dn=%5BBitsearch.to%5D+Adobe+Photoshop+CC+2018+17.1.1.42093+%2B+Pre-Cracked
"Aug 8, 2023",Adobe Photoshop CC 2018 x64x86-bit,24 MB,5.1K,3.4K,25,https://bitsearch.to/torrents/adobe-photoshop-cc-2018-x64x86-bit-d6d8c/64d26541f0b46d53da082a49/,https://itorrents.org/torrent/91F611DC42F6F10197CD1BF0EFE618741E356A63.torrent?title=[Bitsearch.to]Adobe Photoshop CC 2018 x64x86-bit,magnet:?xt=urn:btih:91F611DC42F6F10197CD1BF0EFE618741E356A63&tr=udp%3A%2F%2Ftracker2.dler.com%3A80%2Fannounce&tr=udp%3A%2F%2Ftracker.torrent.eu.org%3A451%2Fannounce&tr=udp%3A%2F%2Fwww.torrent.eu.org%3A451%2Fannounce&tr=udp%3A%2F%2Ftracker.opentrackr.org%3A1337%2Fannounce&tr=udp%3A%2F%2Fopen.stealth.si%3A80%2Fannounce&tr=udp%3A%2F%2Ftracker.bitsearch.to%3A1337%2Fannounce&dn=%5BBitsearch.to%5D+Adobe+Photoshop+CC+2018+x64x86-bit
"Aug 14, 2023",Adobe Photoshop 2024 v28.5.5.72 (x64) + Crack,12.5 MB,4.2K,2.8K,21,https://bitsearch.to/torrents/adobe-photoshop-2024-v28-5-5-72-x64-crack-2715f/64d9ec5ed41aed2fdbc106ca/,https://itorrents.org/torrent/26587DE76C5450FBE82662F174C76451F614317A.torrent?title=[Bitsearch.to]Adobe Photoshop 2024 v28.5.5.72 (x64) + Crack,magnet:?xt=urn:btih:26587DE76C5450FBE82662F174C76451F614317A&tr=udp%3A%2F%2Ftracker2.dler.com%3A80%2Fannounce&tr=udp%3A%2F%2Fwww.torrent.eu.org%3A451%2Fannounce&tr=udp%3A%2F%2Ftracker.torrent.eu.org%3A451%2Fannounce&tr=udp%3A%2F%2Ftracker.breizh.pm%3A6969%2Fannounce&tr=udp%3A%2F%2Ftracker.opentrackr.org%3A1337%2Fannounce&tr=udp%3A%2F%2Ftracker.bitsearch.to%3A1337%2Fannounce&dn=%5BBitsearch.to%5D+Adobe+Photoshop+2024+v28.5.5.72+(x64)+%2B+Crack
"Aug 12, 2023",Adobe Photoshop CC 2018 v19.0.0.24821 + Crack,9.38 MB,4.2K,2.8K,20,https://bitsearch.to/torrents/adobe-photoshop-cc-2018-v19-0-0-24821-crack-1fca6/64d7cf1c25c1f710f2001432/,https://itorrents.org/torrent/512E3174898A0D18BCD6A1430E6AE972252177B3.torrent?title=[Bitsearch.to]Adobe Photoshop CC 2018 v19.0.0.24821 + Crack,magnet:?xt=urn:btih:512E3174898A0D18BCD6A1430E6AE972252177B3&tr=udp%3A%2F%2Ftracker2.dler.com%3A80%2Fannounce&tr=udp%3A%2F%2Ftracker.torrent.eu.org%3A451%2Fannounce&tr=udp%3A%2F%2Fwww.torrent.eu.org%3A451%2Fannounce&tr=udp%3A%2F%2Ftracker.opentrackr.org%3A1337%2Fannounce&tr=udp%3A%2F%2Fpow7.com%3A80%2Fannounce&tr=udp%3A%2F%2Ftracker.bitsearch.to%3A1337%2Fannounce&dn=%5BBitsearch.to%5D+Adobe+Photoshop+CC+2018+v19.0.0.24821+%2B+Crack
"Aug 12, 2023",Adobe Photoshop Lightroom Classic CC 2018 8.2.0 -,7.74 MB,3.9K,2.6K,25,https://bitsearch.to/torrents/adobe-photoshop-lightroom-classic-cc-2018-8-2-0-a928d/64d7dcaab5bda315e76abb65/,https://itorrents.org/torrent/ACF6637DC90072173C7993CF8FEBE5F7F3A8CEB0.torrent?title=[Bitsearch.to]Adobe Photoshop Lightroom Classic CC 2018 8.2.0 -,magnet:?xt=urn:btih:ACF6637DC90072173C7993CF8FEBE5F7F3A8CEB0&tr=udp%3A%2F%2Ftracker2.dler.com%3A80%2Fannounce&tr=udp%3A%2F%2Ftracker.torrent.eu.org%3A451%2Fannounce&tr=udp%3A%2F%2Fwww.torrent.eu.org%3A451%2Fannounce&tr=udp%3A%2F%2Ftracker.breizh.pm%3A6969%2Fannounce&tr=udp%3A%2F%2Ftracker.opentrackr.org%3A1337%2Fannounce&tr=udp%3A%2F%2Ftracker.bitsearch.to%3A1337%2Fannounce&dn=%5BBitsearch.to%5D+Adobe+Photoshop+Lightroom+Classic+CC+2018+8.2.0+-
"Aug 10, 2023",Adobe Photoshop Lightroom CC 2019 6.1 + Crack,19.4 MB,4.3K,2.9K,15,https://bitsearch.to/torrents/adobe-photoshop-lightroom-cc-2019-6-1-crack-33310/64d472dc643b917132360c09/,https://itorrents.org/torrent/C0C491E39DA6981D28B93A78F02A3080B27B31A7.torrent?title=[Bitsearch.to]Adobe Photoshop Lightroom CC 2019 6.1 + Crack,magnet:?xt=urn:btih:C0C491E39DA6981D28B93A78F02A3080B27B31A7&tr=udp%3A%2F%2Ftracker2.dler.com%3A80%2Fannounce&tr=udp%3A%2F%2Ftracker.torrent.eu.org%3A451%2Fannounce&tr=udp%3A%2F%2Fwww.torrent.eu.org%3A451%2Fannounce&tr=udp%3A%2F%2Ftracker.opentrackr.org%3A1337%2Fannounce&tr=udp%3A%2F%2Fopen.stealth.si%3A80%2Fannounce&tr=udp%3A%2F%2Ftracker.bitsearch.to%3A1337%2Fannounce&dn=%5BBitsearch.to%5D+Adobe+Photoshop+Lightroom+CC+2019+6.1+%2B+Crack
"Aug 10, 2023",Adobe Photoshop Lightroom 5.9 Final (64 bit)2019+Crack,19.7 MB,5.3K,3.5K,0,https://bitsearch.to/torrents/adobe-photoshop-lightroom-5-9-final-64-bit-2019-cr-c3ae8/64d49824f57eb07d5d18631f/,https://itorrents.org/torrent/DD8C324053406CF402A132AF23E5CC33315BAA43.torrent?title=[Bitsearch.to]Adobe Photoshop Lightroom 5.9 Final (64 bit)2019+Crack,magnet:?xt=urn:btih:DD8C324053406CF402A132AF23E5CC33315BAA43&tr=udp%3A%2F%2Ftracker2.dler.com%3A80%2Fannounce&tr=udp%3A%2F%2Fwww.torrent.eu.org%3A451%2Fannounce&tr=udp%3A%2F%2Ftracker.torrent.eu.org%3A451%2Fannounce&tr=udp%3A%2F%2Ftracker.opentrackr.org%3A1337%2Fannounce&tr=udp%3A%2F%2Fpow7.com%3A80%2Fannounce&tr=udp%3A%2F%2Ftracker.bitsearch.to%3A1337%2Fannounce&dn=%5BBitsearch.to%5D+Adobe+Photoshop+Lightroom+5.9+Final+(64+bit)2019%2BCrack
"Aug 10, 2023",Adobe Photoshop Lightroom 5.9 Final (64 bit)2019+Crack,19.7 MB,5.7K,3.8K,0,https://bitsearch.to/torrents/adobe-photoshop-lightroom-5-9-final-64-bit-2019-cr-af510/64d4a9841de4908cc06e1699/,https://itorrents.org/torrent/2E85D8F5624EF05ECF5DB9A8834B7681C1257A56.torrent?title=[Bitsearch.to]Adobe Photoshop Lightroom 5.9 Final (64 bit)2019+Crack,magnet:?xt=urn:btih:2E85D8F5624EF05ECF5DB9A8834B7681C1257A56&tr=udp%3A%2F%2Ftracker2.dler.com%3A80%2Fannounce&tr=udp%3A%2F%2Fwww.torrent.eu.org%3A451%2Fannounce&tr=udp%3A%2F%2Ftracker.torrent.eu.org%3A451%2Fannounce&tr=udp%3A%2F%2Ftracker.opentrackr.org%3A1337%2Fannounce&tr=udp%3A%2F%2Fpow7.com%3A80%2Fannounce&tr=udp%3A%2F%2Ftracker.bitsearch.to%3A1337%2Fannounce&dn=%5BBitsearch.to%5D+Adobe+Photoshop+Lightroom+5.9+Final+(64+bit)2019%2BCrack
"Aug 10, 2023",Adobe Photoshop Lightroom CC 13.8.5 + Crack,19.1 MB,5.2K,3.5K,15,https://bitsearch.to/torrents/adobe-photoshop-lightroom-cc-13-8-5-crack-327fc/64d4a97f1de4908cc06e1634/,https://itorrents.org/torrent/7D65734E0A6F92F267C7BD7B18227A5003B346A9.torrent?title=[Bitsearch.to]Adobe Photoshop Lightroom CC 13.8.5 + Crack,magnet:?xt=urn:btih:7D65734E0A6F92F267C7BD7B18227A5003B346A9&tr=udp%3A%2F%2Ftracker2.dler.com%3A80%2Fannounce&tr=udp%3A%2F%2Fwww.torrent.eu.org%3A451%2Fannounce&tr=udp%3A%2F%2Ftracker.torrent.eu.org%3A451%2Fannounce&tr=udp%3A%2F%2Ftracker.opentrackr.org%3A1337%2Fannounce&tr=udp%3A%2F%2Fopen.stealth.si%3A80%2Fannounce&tr=udp%3A%2F%2Ftracker.bitsearch.to%3A1337%2Fannounce&dn=%5BBitsearch.to%5D+Adobe+Photoshop+Lightroom+CC+13.8.5+%2B+Crack
"Aug 10, 2023",Adobe Photoshop CC 2019 v20.0.0 Multilingual + Crack,25.3 MB,4.4K,2.9K,20,https://bitsearch.to/torrents/adobe-photoshop-cc-2019-v20-0-0-multilingual-crack-55a15/64d48ba6f57eb07d5d182062/,https://itorrents.org/torrent/563FC00EE9FB1E32A8D29CCF1DE80BC4A8EE5675.torrent?title=[Bitsearch.to]Adobe Photoshop CC 2019 v20.0.0 Multilingual + Crack,magnet:?xt=urn:btih:563FC00EE9FB1E32A8D29CCF1DE80BC4A8EE5675&tr=udp%3A%2F%2Ftracker2.dler.com%3A80%2Fannounce&tr=udp%3A%2F%2Fwww.torrent.eu.org%3A451%2Fannounce&tr=udp%3A%2F%2Ftracker.torrent.eu.org%3A451%2Fannounce&tr=udp%3A%2F%2Ftracker.breizh.pm%3A6969%2Fannounce&tr=udp%3A%2F%2Ftracker.opentrackr.org%3A1337%2Fannounce&tr=udp%3A%2F%2Ftracker.bitsearch.to%3A1337%2Fannounce&dn=%5BBitsearch.to%5D+Adobe+Photoshop+CC+2019+v20.0.0+Multilingual+%2B+Crack
"Aug 10, 2023",Adobe Photoshop Lightroom Classic CC v9.1.0.10,17.9 MB,4.8K,3.2K,0,https://bitsearch.to/torrents/adobe-photoshop-lightroom-classic-cc-v9-1-0-10-3aa20/64d48b64f57eb07d5d181e19/,https://itorrents.org/torrent/18C42ADDD197667CF47DCB05CA9A1A45FE87D0CE.torrent?title=[Bitsearch.to]Adobe Photoshop Lightroom Classic CC v9.1.0.10,magnet:?xt=urn:btih:18C42ADDD197667CF47DCB05CA9A1A45FE87D0CE&tr=udp%3A%2F%2Ftracker2.dler.com%3A80%2Fannounce&tr=udp%3A%2F%2Fwww.torrent.eu.org%3A451%2Fannounce&tr=udp%3A%2F%2Ftracker.torrent.eu.org%3A451%2Fannounce&tr=udp%3A%2F%2Ftracker.opentrackr.org%3A1337%2Fannounce&tr=udp%3A%2F%2Fopen.stealth.si%3A80%2Fannounce&tr=udp%3A%2F%2Ftracker.bitsearch.to%3A1337%2Fannounce&dn=%5BBitsearch.to%5D+Adobe+Photoshop+Lightroom+Classic+CC+v9.1.0.10
"Aug 10, 2023",Adobe Photoshop CC 2018 FULL Portable,17.2 MB,5.9K,4K,25,https://bitsearch.to/torrents/adobe-photoshop-cc-2018-full-portable-5c867/64d4a9d31de4908cc06e1966/,https://itorrents.org/torrent/6A7BAECD2CF276DF4B49F70BEBD192EBEC4EEC92.torrent?title=[Bitsearch.to]Adobe Photoshop CC 2018 FULL Portable,magnet:?xt=urn:btih:6A7BAECD2CF276DF4B49F70BEBD192EBEC4EEC92&tr=udp%3A%2F%2Ftracker2.dler.com%3A80%2Fannounce&tr=udp%3A%2F%2Fwww.torrent.eu.org%3A451%2Fannounce&tr=udp%3A%2F%2Ftracker.torrent.eu.org%3A451%2Fannounce&tr=udp%3A%2F%2Ftracker.opentrackr.org%3A1337%2Fannounce&tr=udp%3A%2F%2Fopen.stealth.si%3A80%2Fannounce&tr=udp%3A%2F%2Ftracker.bitsearch.to%3A1337%2Fannounce&dn=%5BBitsearch.to%5D+Adobe+Photoshop+CC+2018+FULL+Portable
